date_month,province,total_posts,joy_mean,sadness_mean,anger_mean,fear_mean,surprise_mean,neutral_mean,joy_std,fear_std,emotional_intensity,dominant_emotion_key,dominant_emotion,dominant_score,reliable
2019-12,上海,95,0.17210526315789476,0.07473684210526316,0.12526315789473685,0.037894736842105266,0.05526315789473684,0.5347368421052632,0.2530364313894391,0.10045529054030153,0.46526315789473693,neutral,中性,0.5347368421052632,True
2019-12,云南,33,0.17121212121212123,0.08787878787878788,0.1803030303030303,0.05909090909090909,0.05454545454545455,0.44696969696969696,0.206545357847822,0.11487394276890094,0.553030303030303,neutral,中性,0.44696969696969696,True
2019-12,内蒙古,17,0.15294117647058825,0.03823529411764706,0.20882352941176469,0.047058823529411764,0.11176470588235295,0.4411764705882353,0.20346267181851665,0.07174300539794393,0.5588235294117647,neutral,中性,0.4411764705882353,False
2019-12,北京,152,0.1638157894736842,0.07552631578947369,0.12664473684210525,0.031710526315789474,0.05230263157894737,0.5499999999999999,0.26188297829102575,0.08427938649397387,0.45000000000000007,neutral,中性,0.5499999999999999,True
2019-12,台湾,8,0.25,0.075,0.16875,0.018750000000000003,0.11875000000000001,0.36875,0.20701966780270625,0.03720119045714225,0.63125,neutral,中性,0.36875,False
2019-12,吉林,21,0.1619047619047619,0.10238095238095238,0.18095238095238095,0.05714285714285714,0.047619047619047616,0.44999999999999996,0.2553941864573085,0.11212238211627763,0.5499999999999999,neutral,中性,0.44999999999999996,False
2019-12,四川,85,0.16941176470588235,0.05411764705882353,0.13470588235294118,0.03882352941176471,0.06411764705882353,0.5388235294117647,0.24677613211928232,0.08741542531288773,0.4611764705882353,neutral,中性,0.5388235294117647,True
2019-12,天津,21,0.2,0.02619047619047619,0.2690476190476191,0.009523809523809525,0.06666666666666668,0.42857142857142855,0.282842712474619,0.030079260375911923,0.5714285714285714,neutral,中性,0.42857142857142855,False
2019-12,宁夏,5,0.13,0.0,0.32,0.0,0.06000000000000001,0.48999999999999994,0.26362852652928137,0.0,0.51,neutral,中性,0.48999999999999994,False
2019-12,安徽,43,0.1325581395348837,0.04186046511627907,0.18604651162790697,0.053488372093023255,0.08139534883720931,0.5046511627906977,0.2151643117785171,0.12928159963594849,0.49534883720930234,neutral,中性,0.5046511627906977,True
2019-12,山东,83,0.16927710843373495,0.053614457831325305,0.1469879518072289,0.033734939759036145,0.053614457831325305,0.5427710843373493,0.23977012941021353,0.10990806405725377,0.45722891566265056,neutral,中性,0.5427710843373493,True
2019-12,山西,22,0.17045454545454544,0.04772727272727273,0.06818181818181818,0.031818181818181815,0.04772727272727273,0.634090909090909,0.2617064380947854,0.1129111055163209,0.36590909090909096,neutral,中性,0.634090909090909,False
2019-12,广东,160,0.1928125,0.049375,0.108125,0.035625000000000004,0.0675,0.5465625000000001,0.2731626370092763,0.09221036586158327,0.45343749999999994,neutral,中性,0.5465625000000001,True
2019-12,广西,28,0.26142857142857145,0.047142857142857146,0.1392857142857143,0.021428571428571432,0.06642857142857142,0.4642857142857143,0.33839177695238803,0.03950755068144014,0.5357142857142858,neutral,中性,0.4642857142857143,False
2019-12,新疆,11,0.2,0.045454545454545456,0.07727272727272728,0.004545454545454546,0.08181818181818182,0.5909090909090909,0.24186773244895646,0.01507556722888818,0.40909090909090906,neutral,中性,0.5909090909090909,False
2019-12,江苏,110,0.20636363636363636,0.057272727272727274,0.11818181818181818,0.038636363636363635,0.09772727272727273,0.4818181818181818,0.2631067989550637,0.09830188732102618,0.5181818181818181,neutral,中性,0.4818181818181818,True
2019-12,江西,17,0.23235294117647057,0.06176470588235293,0.011764705882352941,0.01764705882352941,0.07941176470588236,0.5970588235294118,0.2973535230110093,0.04308848624701062,0.40294117647058836,neutral,中性,0.5970588235294118,False
2019-12,河北,31,0.18064516129032257,0.08387096774193549,0.18225806451612905,0.020967741935483872,0.02903225806451613,0.5032258064516129,0.2833364958710281,0.03824088899852944,0.49677419354838703,neutral,中性,0.5032258064516129,True
2019-12,河南,62,0.175,0.08225806451612902,0.05806451612903226,0.08629032258064517,0.061290322580645165,0.5370967741935483,0.2896790196514576,0.17348155163380136,0.4629032258064515,neutral,中性,0.5370967741935483,True
2019-12,浙江,92,0.19293478260869565,0.08478260869565217,0.125,0.04891304347826087,0.06576086956521739,0.4826086956521739,0.2846418148004949,0.12752467136213316,0.517391304347826,neutral,中性,0.4826086956521739,True
2019-12,海南,8,0.075,0.0375,0.25,0.0,0.125,0.5125,0.1752549163769328,0.0,0.48750000000000004,neutral,中性,0.5125,False
2019-12,湖北,99,0.17020202020202022,0.08585858585858586,0.08131313131313132,0.08080808080808081,0.050505050505050504,0.5313131313131313,0.25474268649444637,0.1642402220720586,0.4686868686868687,neutral,中性,0.5313131313131313,True
2019-12,湖南,46,0.18695652173913044,0.05434782608695652,0.0891304347826087,0.04565217391304348,0.059782608695652176,0.5641304347826087,0.2767740319002119,0.11682184297112026,0.4358695652173913,neutral,中性,0.5641304347826087,True
2019-12,澳门,4,0.0,0.16249999999999998,0.6125,0.025,0.07500000000000001,0.125,0.0,0.05,0.875,anger,愤怒,0.6125,False
2019-12,甘肃,21,0.051428571428571435,0.08571428571428572,0.12666666666666668,0.05714285714285714,0.07571428571428572,0.6033333333333333,0.17424941073890937,0.12243948942816028,0.3966666666666667,neutral,中性,0.6033333333333333,False
2019-12,福建,53,0.13679245283018868,0.043396226415094344,0.12735849056603774,0.026415094339622643,0.07358490566037736,0.5924528301886792,0.24576234286951706,0.062483669854999875,0.4075471698113208,neutral,中性,0.5924528301886792,True
2019-12,西藏,3,0.03333333333333333,0.0,0.25,0.0,0.05000000000000001,0.6666666666666666,0.05773502691896258,0.0,0.33333333333333337,neutral,中性,0.6666666666666666,False
2019-12,贵州,13,0.2692307692307692,0.05384615384615384,0.015384615384615385,0.04615384615384615,0.11923076923076924,0.49615384615384617,0.34972516682059407,0.13913653136029502,0.5038461538461538,neutral,中性,0.49615384615384617,False
2019-12,辽宁,44,0.11522727272727273,0.06363636363636363,0.2227272727272727,0.015227272727272728,0.03318181818181818,0.5499999999999999,0.253977554734012,0.046430174449012686,0.45000000000000007,neutral,中性,0.5499999999999999,True
2019-12,重庆,24,0.1729166666666667,0.07083333333333333,0.1875,0.008333333333333333,0.07,0.49041666666666667,0.20375772413562027,0.02407717061715384,0.5095833333333333,neutral,中性,0.49041666666666667,False
2019-12,陕西,41,0.17439024390243904,0.0524390243902439,0.17317073170731706,0.024390243902439025,0.042682926829268296,0.5329268292682927,0.3060069344025377,0.07341828043776988,0.4670731707317073,neutral,中性,0.5329268292682927,True
2019-12,青海,5,0.18,0.06,0.04,0.04,0.02,0.6599999999999999,0.24899799195977468,0.05477225575051661,0.3400000000000001,neutral,中性,0.6599999999999999,False
2019-12,香港,11,0.21818181818181817,0.02727272727272728,0.06363636363636363,0.009090909090909092,0.07727272727272728,0.6045454545454546,0.2900626891490245,0.03015113445777636,0.3954545454545455,neutral,中性,0.6045454545454546,False
2019-12,黑龙江,17,0.33529411764705885,0.06470588235294118,0.15588235294117647,0.03235294117647059,0.04411764705882353,0.36764705882352944,0.34765495910203165,0.058473221623738365,0.6323529411764706,neutral,中性,0.36764705882352944,False
2020-01,上海,71,0.223943661971831,0.10943661971830985,0.06830985915492957,0.09450704225352112,0.03690140845070423,0.4669014084507042,0.2944558122233498,0.15812100910735027,0.5330985915492956,neutral,中性,0.4669014084507042,True
2020-01,云南,61,0.21065573770491802,0.11639344262295082,0.0860655737704918,0.0881967213114754,0.06180327868852459,0.4368852459016393,0.27479003410154823,0.13987504181377164,0.5631147540983606,neutral,中性,0.4368852459016393,True
2020-01,内蒙古,64,0.27578125,0.0578125,0.0921875,0.0265625,0.03828125,0.509375,0.3068002022282606,0.07557648811340441,0.490625,neutral,中性,0.509375,True
2020-01,北京,74,0.19256756756756757,0.11554054054054055,0.07702702702702703,0.06013513513513514,0.02972972972972973,0.525,0.2615394928705577,0.12441086640691189,0.475,neutral,中性,0.525,True
2020-01,台湾,28,0.24107142857142858,0.10357142857142858,0.06428571428571428,0.060714285714285714,0.05178571428571429,0.4785714285714286,0.24909226738692167,0.152362350055011,0.5214285714285715,neutral,中性,0.4785714285714286,False
2020-01,吉林,59,0.19745762711864406,0.10542372881355931,0.07627118644067797,0.05135593220338983,0.048305084745762714,0.5211864406779662,0.24272585089113208,0.08203148317227722,0.47881355932203395,neutral,中性,0.5211864406779662,True
2020-01,四川,69,0.23695652173913045,0.08623188405797101,0.05942028985507246,0.05507246376811595,0.06594202898550725,0.4963768115942029,0.2797914367557403,0.10817501054807378,0.5036231884057972,neutral,中性,0.4963768115942029,True
2020-01,天津,63,0.24920634920634918,0.11428571428571428,0.11349206349206349,0.062063492063492064,0.0434920634920635,0.4174603174603175,0.2984492261745684,0.1317764324976297,0.5825396825396825,neutral,中性,0.4174603174603175,True
2020-01,宁夏,23,0.2326086956521739,0.10217391304347827,0.07608695652173914,0.058695652173913045,0.041304347826086954,0.4891304347826087,0.2921739424524736,0.10296973729411459,0.5108695652173914,neutral,中性,0.4891304347826087,False
2020-01,安徽,62,0.24354838709677418,0.12580645161290321,0.09516129032258065,0.05887096774193548,0.042741935483870966,0.4338709677419355,0.27735339813381105,0.09211726024537258,0.5661290322580645,neutral,中性,0.4338709677419355,True
2020-01,山东,66,0.23712121212121212,0.06439393939393939,0.07575757575757576,0.04318181818181818,0.0393939393939394,0.5401515151515152,0.27179044615299963,0.0826886484797798,0.45984848484848484,neutral,中性,0.5401515151515152,True
2020-01,山西,64,0.25703125,0.07187500000000001,0.038281249999999996,0.04765625,0.035937500000000004,0.54921875,0.2858941955889076,0.1009595579490612,0.45078125,neutral,中性,0.54921875,True
2020-01,广东,64,0.28515625,0.06171875,0.05625,0.078125,0.04453125,0.47421875,0.29299760109262285,0.14716231185920542,0.52578125,neutral,中性,0.47421875,True
2020-01,广西,64,0.23515625,0.090625,0.06796875,0.10703125,0.0453125,0.45390625,0.25318286375661364,0.17881159444936398,0.54609375,neutral,中性,0.45390625,True
2020-01,新疆,50,0.252,0.08800000000000001,0.09300000000000001,0.09,0.047,0.43,0.2764497961582145,0.1442786419766011,0.5700000000000001,neutral,中性,0.43,True
2020-01,江苏,68,0.26691176470588235,0.07058823529411765,0.04264705882352941,0.058823529411764705,0.038970588235294125,0.5220588235294118,0.28905537016928956,0.12123160776664514,0.4779411764705882,neutral,中性,0.5220588235294118,True
2020-01,江西,62,0.24919354838709676,0.07419354838709677,0.031451612903225803,0.05241935483870968,0.03387096774193549,0.5588709677419355,0.27153056397173614,0.10418592277508021,0.44112903225806455,neutral,中性,0.5588709677419355,True
2020-01,河北,65,0.31384615384615383,0.055384615384615386,0.06923076923076923,0.050769230769230775,0.03384615384615385,0.47692307692307695,0.2909450780844014,0.11336208157255026,0.523076923076923,neutral,中性,0.47692307692307695,True
2020-01,河南,63,0.20873015873015874,0.07698412698412697,0.07777777777777777,0.06666666666666667,0.031746031746031744,0.5380952380952381,0.2378566392808374,0.13970013970020956,0.46190476190476204,neutral,中性,0.5380952380952381,True
2020-01,浙江,67,0.23656716417910448,0.06447761194029851,0.0680597014925373,0.055373134328358206,0.05164179104477612,0.5238805970149254,0.2663703973838728,0.13869880555087438,0.4761194029850746,neutral,中性,0.5238805970149254,True
2020-01,海南,48,0.22187500000000002,0.12187500000000001,0.09479166666666666,0.07187500000000001,0.04270833333333334,0.44687499999999997,0.2944353142123396,0.10813026521431987,0.5531250000000001,neutral,中性,0.44687499999999997,True
2020-01,湖北,70,0.2292857142857143,0.14214285714285713,0.07428571428571429,0.0907142857142857,0.04142857142857143,0.42214285714285715,0.27471894163746696,0.1437824587532658,0.5778571428571428,neutral,中性,0.42214285714285715,True
2020-01,湖南,61,0.24672131147540985,0.04836065573770492,0.08114754098360656,0.018852459016393444,0.05081967213114754,0.5540983606557377,0.26138554736554326,0.04487383649952155,0.4459016393442622,neutral,中性,0.5540983606557377,True
2020-01,澳门,11,0.17272727272727273,0.045454545454545456,0.09090909090909091,0.05454545454545454,0.004545454545454546,0.6318181818181818,0.26111648393354675,0.15075567228888181,0.36818181818181817,neutral,中性,0.6318181818181818,False
2020-01,甘肃,47,0.2074468085106383,0.09893617021276596,0.09574468085106383,0.024468085106382976,0.045744680851063826,0.5276595744680851,0.2252965976036187,0.0674636298356477,0.4723404255319149,neutral,中性,0.5276595744680851,True
2020-01,福建,64,0.2703125,0.1,0.07109375,0.040625,0.046875,0.47109375,0.2651323044988839,0.07760042137015363,0.52890625,neutral,中性,0.47109375,True
2020-01,西藏,16,0.289375,0.055,0.05,0.075,0.061875,0.46875,0.25769410160110373,0.11832159566199232,0.53125,neutral,中性,0.46875,False
2020-01,贵州,58,0.30603448275862066,0.07672413793103448,0.04913793103448276,0.05258620689655172,0.04224137931034483,0.4732758620689655,0.30234138747375017,0.12649887794839154,0.5267241379310345,neutral,中性,0.4732758620689655,True
2020-01,辽宁,61,0.2204918032786885,0.11065573770491803,0.0959016393442623,0.0778688524590164,0.039344262295081964,0.4557377049180328,0.2940205561379918,0.12400423049367254,0.5442622950819673,neutral,中性,0.4557377049180328,True
2020-01,重庆,66,0.3143939393939394,0.08560606060606062,0.06893939393939394,0.02575757575757576,0.04015151515151515,0.46515151515151515,0.2945355080481223,0.058993105361444406,0.5348484848484849,neutral,中性,0.46515151515151515,True
2020-01,陕西,65,0.23538461538461536,0.12307692307692308,0.11153846153846154,0.07153846153846155,0.02923076923076923,0.4292307692307692,0.2991815759444678,0.13663627319949176,0.5707692307692308,neutral,中性,0.4292307692307692,True
2020-01,青海,12,0.2916666666666667,0.09999999999999999,0.12916666666666665,0.025000000000000005,0.0375,0.4166666666666667,0.3423404295390331,0.02611164839335468,0.5833333333333333,neutral,中性,0.4166666666666667,False
2020-01,香港,27,0.23703703703703705,0.1388888888888889,0.1037037037037037,0.03518518518518519,0.044444444444444446,0.44074074074074077,0.2733666854782139,0.10267088458424102,0.5592592592592591,neutral,中性,0.44074074074074077,False
2020-01,黑龙江,64,0.23515625,0.0984375,0.0609375,0.06015625,0.05078125,0.49453125,0.28153204552720124,0.10472173539948315,0.5054687499999999,neutral,中性,0.49453125,True
2020-02,上海,135,0.22703703703703704,0.13666666666666666,0.09814814814814815,0.03851851851851852,0.053703703703703705,0.44592592592592595,0.2679220037819931,0.08171225924683315,0.554074074074074,neutral,中性,0.44592592592592595,True
2020-02,云南,106,0.2504716981132076,0.10424528301886793,0.08254716981132075,0.03490566037735849,0.062264150943396226,0.4655660377358491,0.2654282508216331,0.07405590273273124,0.534433962264151,neutral,中性,0.4655660377358491,True
2020-02,内蒙古,104,0.3168269230769231,0.09615384615384616,0.07692307692307693,0.037980769230769235,0.04519230769230769,0.4269230769230769,0.2709754562850429,0.10623640799588698,0.573076923076923,neutral,中性,0.4269230769230769,True
2020-02,北京,141,0.28829787234042553,0.07340425531914893,0.07730496453900709,0.02304964539007092,0.03546099290780142,0.502482269503546,0.28869399876688134,0.06254076684635786,0.49751773049645387,neutral,中性,0.502482269503546,True
2020-02,台湾,22,0.40454545454545454,0.08863636363636364,0.04318181818181818,0.020454545454545454,0.03863636363636364,0.40454545454545454,0.33306266066723234,0.03981831030440438,0.5954545454545455,joy,喜悦,0.40454545454545454,False
2020-02,吉林,94,0.31861702127659575,0.10851063829787233,0.057446808510638304,0.027659574468085108,0.018617021276595744,0.4691489361702128,0.2996399310994971,0.08443901574782917,0.5308510638297872,neutral,中性,0.4691489361702128,True
2020-02,四川,138,0.28188405797101446,0.09782608695652174,0.09818840579710146,0.035869565217391305,0.025724637681159422,0.46050724637681156,0.31535763668265526,0.0937828541818584,0.5394927536231884,neutral,中性,0.46050724637681156,True
2020-02,天津,140,0.3475,0.08178571428571428,0.07642857142857143,0.016785714285714286,0.03535714285714286,0.4421428571428571,0.30707045801745625,0.06279196962292562,0.5578571428571428,neutral,中性,0.4421428571428571,True
2020-02,宁夏,22,0.3022727272727273,0.056818181818181816,0.045454545454545456,0.018181818181818184,0.03181818181818182,0.5454545454545454,0.26747375159482056,0.05884898863364997,0.4545454545454545,neutral,中性,0.5454545454545454,False
2020-02,安徽,142,0.3436619718309859,0.10809859154929577,0.09014084507042254,0.029577464788732397,0.04225352112676056,0.3862676056338028,0.322768342092401,0.09053719301121403,0.6137323943661972,neutral,中性,0.3862676056338028,True
2020-02,山东,142,0.38169014084507047,0.1017605633802817,0.0573943661971831,0.034154929577464785,0.03274647887323944,0.3922535211267606,0.3055328372759313,0.09645667794511573,0.6077464788732394,neutral,中性,0.3922535211267606,True
2020-02,山西,138,0.3264492753623188,0.08659420289855072,0.05521739130434783,0.02673913043478261,0.03688405797101449,0.4681159420289855,0.2802626524218608,0.05760630342990928,0.5318840579710145,neutral,中性,0.4681159420289855,True
2020-02,广东,146,0.301027397260274,0.0786986301369863,0.07438356164383561,0.03506849315068493,0.04643835616438356,0.4643835616438356,0.2970236945199532,0.0922309438337935,0.5356164383561643,neutral,中性,0.4643835616438356,True
2020-02,广西,123,0.3361788617886179,0.11926829268292682,0.08008130081300813,0.03284552845528455,0.03991869918699187,0.39170731707317075,0.3129251739115061,0.0855696468822112,0.6082926829268293,neutral,中性,0.39170731707317075,True
2020-02,新疆,56,0.3705357142857143,0.08482142857142858,0.10089285714285715,0.01625,0.045892857142857145,0.38160714285714287,0.300420430505209,0.0539886351677159,0.6183928571428572,neutral,中性,0.38160714285714287,True
2020-02,江苏,143,0.2909090909090909,0.09559440559440559,0.08776223776223777,0.03741258741258742,0.056993006993006995,0.4313286713286713,0.29602033878284684,0.09937631768433354,0.5686713286713287,neutral,中性,0.4313286713286713,True
2020-02,江西,116,0.35258620689655173,0.09612068965517241,0.07887931034482759,0.03793103448275863,0.05129310344827586,0.3831896551724138,0.31545996973268753,0.09569441618691929,0.6168103448275862,neutral,中性,0.3831896551724138,True
2020-02,河北,140,0.3389285714285714,0.08,0.055357142857142855,0.03214285714285714,0.04,0.45357142857142857,0.30191641234141275,0.09195546086636135,0.5464285714285715,neutral,中性,0.45357142857142857,True
2020-02,河南,143,0.34545454545454546,0.07832167832167831,0.055944055944055944,0.019230769230769232,0.025524475524475527,0.4755244755244755,0.29799264399827163,0.07689463179377279,0.5244755244755245,neutral,中性,0.4755244755244755,True
2020-02,浙江,144,0.31562500000000004,0.11423611111111111,0.08506944444444445,0.037500000000000006,0.05555555555555555,0.3920138888888889,0.2933093518354399,0.1091127600493838,0.6079861111111111,neutral,中性,0.3920138888888889,True
2020-02,海南,60,0.335,0.08,0.06166666666666667,0.025,0.03666666666666667,0.46166666666666667,0.2689118058435403,0.0627748195226533,0.5383333333333333,neutral,中性,0.46166666666666667,True
2020-02,湖北,140,0.29250000000000004,0.1325,0.060000000000000005,0.045,0.04678571428571429,0.4232142857142857,0.25747284553336947,0.10041281697547204,0.5767857142857142,neutral,中性,0.4232142857142857,True
2020-02,湖南,142,0.31309859154929576,0.12084507042253521,0.05007042253521127,0.021760563380281688,0.04915492957746479,0.4450704225352113,0.27838486319255895,0.05719568619073721,0.5549295774647887,neutral,中性,0.4450704225352113,True
2020-02,澳门,12,0.3416666666666666,0.13583333333333333,0.020833333333333332,0.02666666666666667,0.06666666666666667,0.4083333333333334,0.3088345639315455,0.04458563432181702,0.5916666666666668,neutral,中性,0.4083333333333334,False
2020-02,甘肃,53,0.3433962264150943,0.119811320754717,0.08490566037735849,0.022641509433962263,0.031132075471698117,0.39811320754716983,0.30916104464170086,0.06089558981745933,0.6018867924528302,neutral,中性,0.39811320754716983,True
2020-02,福建,141,0.3375886524822695,0.06950354609929078,0.05638297872340425,0.038652482269503546,0.05035460992907802,0.44751773049645394,0.2878588461362365,0.10612808876983125,0.5524822695035461,neutral,中性,0.44751773049645394,True
2020-02,西藏,11,0.3181818181818182,0.07272727272727274,0.1,0.009090909090909092,0.02727272727272727,0.4727272727272727,0.3341202831861059,0.03015113445777637,0.5272727272727273,neutral,中性,0.4727272727272727,False
2020-02,贵州,80,0.33875,0.078125,0.05125,0.026250000000000002,0.051250000000000004,0.45437500000000003,0.25937790718212145,0.05680022731279172,0.545625,neutral,中性,0.45437500000000003,True
2020-02,辽宁,143,0.308041958041958,0.11223776223776225,0.10734265734265734,0.05384615384615385,0.05,0.36853146853146856,0.2932125574748255,0.1236300881658331,0.6314685314685314,neutral,中性,0.36853146853146856,True
2020-02,重庆,137,0.3324817518248175,0.08883211678832116,0.07846715328467153,0.025036496350364965,0.04489051094890511,0.43029197080291975,0.31857860102681507,0.06806273152708682,0.5697080291970802,neutral,中性,0.43029197080291975,True
2020-02,陕西,144,0.27465277777777775,0.12083333333333332,0.09513888888888888,0.025694444444444447,0.03958333333333333,0.44409722222222225,0.27500772575147625,0.06504063041886668,0.5559027777777777,neutral,中性,0.44409722222222225,True
2020-02,青海,12,0.45416666666666666,0.049999999999999996,0.016666666666666666,0.012500000000000002,0.008333333333333333,0.4583333333333333,0.3394235309069384,0.031079078025403054,0.5416666666666667,neutral,中性,0.4583333333333333,False
2020-02,香港,36,0.28055555555555556,0.06944444444444445,0.08888888888888888,0.025,0.022222222222222223,0.5138888888888888,0.30455536155840085,0.06813851438692468,0.48611111111111116,neutral,中性,0.5138888888888888,True
2020-02,黑龙江,135,0.31777777777777777,0.07296296296296297,0.08407407407407406,0.02,0.05296296296296297,0.4522222222222222,0.27955632937483693,0.06556300376497837,0.5477777777777778,neutral,中性,0.4522222222222222,True
2020-03,上海,158,0.30443037974683546,0.09367088607594937,0.08481012658227849,0.042405063291139244,0.06202531645569621,0.4126582278481013,0.3049161807575206,0.10082102689739703,0.5873417721518988,neutral,中性,0.4126582278481013,True
2020-03,云南,102,0.3323529411764706,0.07549019607843137,0.08333333333333333,0.02843137254901961,0.0661764705882353,0.41421568627450983,0.3112293620199468,0.0715838509643728,0.5857843137254901,neutral,中性,0.41421568627450983,True
2020-03,内蒙古,69,0.25579710144927537,0.08405797101449275,0.09057971014492754,0.02826086956521739,0.049275362318840575,0.49202898550724644,0.31125176964817713,0.08378818746133768,0.5079710144927536,neutral,中性,0.49202898550724644,True
2020-03,北京,149,0.29496644295302016,0.07852348993288591,0.11644295302013424,0.04060402684563758,0.06006711409395974,0.40939597315436244,0.3361519608126776,0.11003210948995788,0.5906040268456376,neutral,中性,0.40939597315436244,True
2020-03,台湾,25,0.314,0.064,0.064,0.092,0.096,0.37,0.3289883483245772,0.21393145319626722,0.63,neutral,中性,0.37,False
2020-03,吉林,87,0.29770114942528736,0.07126436781609195,0.0735632183908046,0.02471264367816092,0.08103448275862069,0.45172413793103444,0.31686216337716755,0.07658160384570735,0.5482758620689656,neutral,中性,0.45172413793103444,True
2020-03,四川,151,0.28841059602649005,0.10066225165562913,0.09735099337748344,0.01456953642384106,0.06986754966887418,0.4291390728476821,0.2874858668183691,0.04781541033791998,0.5708609271523177,neutral,中性,0.4291390728476821,True
2020-03,天津,132,0.29939393939393943,0.08409090909090909,0.13174242424242424,0.03833333333333333,0.06462121212121213,0.38181818181818183,0.3284052550828657,0.10051900938041192,0.6181818181818182,neutral,中性,0.38181818181818183,True
2020-03,宁夏,39,0.31666666666666665,0.057179487179487176,0.05435897435897436,0.05384615384615385,0.04743589743589744,0.47051282051282056,0.3478001039112866,0.13972935088225277,0.5294871794871794,neutral,中性,0.47051282051282056,True
2020-03,安徽,152,0.3282894736842105,0.07697368421052632,0.05921052631578947,0.03289473684210526,0.06940789473684211,0.43322368421052626,0.32181557862140514,0.0876675808969749,0.5667763157894737,neutral,中性,0.43322368421052626,True
2020-03,山东,150,0.25333333333333335,0.07733333333333334,0.105,0.02666666666666667,0.06633333333333334,0.4713333333333333,0.2958134426309313,0.06870486112229943,0.5286666666666666,neutral,中性,0.4713333333333333,True
2020-03,山西,136,0.3404411764705882,0.058823529411764705,0.07132352941176472,0.03308823529411765,0.06286764705882353,0.4334558823529412,0.31537835630441147,0.0954949268063578,0.5665441176470588,neutral,中性,0.4334558823529412,True
2020-03,广东,152,0.29572368421052636,0.07072368421052631,0.11447368421052631,0.029605263157894735,0.046052631578947366,0.443421052631579,0.3138599720963951,0.08939740561703183,0.5565789473684211,neutral,中性,0.443421052631579,True
2020-03,广西,127,0.3661417322834646,0.07755905511811023,0.07440944881889763,0.027165354330708665,0.06338582677165355,0.39133858267716537,0.32323279547408434,0.07861799985539153,0.6086614173228346,neutral,中性,0.39133858267716537,True
2020-03,新疆,33,0.2893939393939394,0.0787878787878788,0.046969696969696974,0.022727272727272728,0.08181818181818182,0.4803030303030303,0.2941506777352743,0.07404697526202232,0.5196969696969697,neutral,中性,0.4803030303030303,True
2020-03,江苏,152,0.34868421052631576,0.07125,0.08039473684210525,0.02519736842105263,0.07282894736842105,0.4016447368421052,0.31044869090208166,0.07674651140538233,0.5983552631578948,neutral,中性,0.4016447368421052,True
2020-03,江西,132,0.3456060606060606,0.0865909090909091,0.0893939393939394,0.03674242424242424,0.06553030303030304,0.3761363636363636,0.3028976033760049,0.11338979727195872,0.6238636363636363,neutral,中性,0.3761363636363636,True
2020-03,河北,154,0.2987012987012987,0.07259740259740259,0.08084415584415584,0.046753246753246755,0.04915584415584416,0.45194805194805193,0.3043770050032902,0.13230921949944793,0.5480519480519481,neutral,中性,0.45194805194805193,True
2020-03,河南,152,0.2970394736842105,0.0769736842105263,0.09967105263157895,0.025,0.04572368421052632,0.4555921052631579,0.3154537125936626,0.07324096128940435,0.544407894736842,neutral,中性,0.4555921052631579,True
2020-03,浙江,151,0.31887417218543046,0.11225165562913907,0.11291390728476822,0.033443708609271525,0.06688741721854305,0.3556291390728477,0.32699346180284733,0.08693327983855123,0.6443708609271523,neutral,中性,0.3556291390728477,True
2020-03,海南,41,0.36341463414634145,0.08048780487804878,0.09146341463414634,0.021951219512195124,0.07195121951219513,0.3707317073170732,0.31004523666795436,0.0524985481796936,0.6292682926829267,neutral,中性,0.3707317073170732,True
2020-03,湖北,157,0.30095541401273884,0.09585987261146497,0.07484076433121019,0.04426751592356688,0.04968152866242038,0.43439490445859874,0.30071876170331036,0.10330564448088171,0.5656050955414013,neutral,中性,0.43439490445859874,True
2020-03,湖南,153,0.3379084967320261,0.09183006535947713,0.07026143790849673,0.031699346405228764,0.0584967320261438,0.4098039215686275,0.3067243181776448,0.08246842178479753,0.5901960784313726,neutral,中性,0.4098039215686275,True
2020-03,澳门,4,0.05,0.15,0.48750000000000004,0.15,0.075,0.08750000000000001,0.1,0.30000000000000004,0.9125,anger,愤怒,0.48750000000000004,False
2020-03,甘肃,54,0.23518518518518516,0.08796296296296297,0.08425925925925926,0.04722222222222222,0.053703703703703705,0.4916666666666667,0.2967798290756828,0.13508092147269335,0.5083333333333333,neutral,中性,0.4916666666666667,True
2020-03,福建,153,0.35261437908496734,0.07549019607843138,0.10588235294117647,0.02516339869281046,0.08333333333333333,0.35751633986928105,0.31626889633962063,0.08133834933525157,0.6424836601307189,neutral,中性,0.35751633986928105,True
2020-03,西藏,20,0.47000000000000003,0.0975,0.12,0.01,0.0975,0.20500000000000002,0.3341918768107863,0.03077935056255462,0.795,joy,喜悦,0.47000000000000003,False
2020-03,贵州,65,0.3246153846153846,0.08261538461538462,0.12153846153846154,0.031538461538461536,0.05507692307692308,0.38461538461538464,0.3156247619953407,0.09294203114762531,0.6153846153846154,neutral,中性,0.38461538461538464,True
2020-03,辽宁,149,0.28879194630872485,0.08993288590604027,0.11859060402684565,0.049664429530201344,0.0825503355704698,0.3704697986577181,0.3240806388466308,0.10803788191599896,0.6295302013422819,neutral,中性,0.3704697986577181,True
2020-03,重庆,147,0.34591836734693876,0.0880952380952381,0.09999999999999999,0.03843537414965987,0.07142857142857142,0.35612244897959183,0.31123429729227275,0.11646447327240751,0.6438775510204082,neutral,中性,0.35612244897959183,True
2020-03,陕西,150,0.29533333333333334,0.06433333333333334,0.10133333333333333,0.019,0.066,0.45399999999999996,0.3090549931878106,0.06203214148472717,0.546,neutral,中性,0.45399999999999996,True
2020-03,青海,13,0.3423076923076923,0.04615384615384616,0.08461538461538462,0.02307692307692308,0.07307692307692308,0.43076923076923074,0.34024877776302265,0.059914468951527806,0.5692307692307692,neutral,中性,0.43076923076923074,False
2020-03,香港,55,0.2109090909090909,0.08454545454545455,0.12636363636363637,0.03363636363636364,0.06272727272727273,0.4818181818181818,0.28685570464293586,0.08336363085599709,0.5181818181818182,neutral,中性,0.4818181818181818,True
2020-03,黑龙江,111,0.29684684684684687,0.0945945945945946,0.09504504504504505,0.03018018018018018,0.05405405405405406,0.4292792792792793,0.2909451119181386,0.09822961950989195,0.5707207207207207,neutral,中性,0.4292792792792793,True
2020-04,上海,146,0.2482876712328767,0.14089041095890412,0.12123287671232877,0.03458904109589041,0.06301369863013699,0.39198630136986307,0.30532144641354075,0.09497096988266188,0.608013698630137,neutral,中性,0.39198630136986307,True
2020-04,云南,93,0.24623655913978493,0.19301075268817203,0.07204301075268818,0.028494623655913976,0.049462365591397855,0.410752688172043,0.2953660734487858,0.09219481071597603,0.589247311827957,neutral,中性,0.410752688172043,True
2020-04,内蒙古,83,0.27228915662650605,0.1674698795180723,0.04337349397590361,0.012048192771084338,0.04457831325301205,0.46024096385542174,0.2952110667054634,0.04592568323760068,0.5397590361445783,neutral,中性,0.46024096385542174,True
2020-04,北京,161,0.25459627329192547,0.10658385093167702,0.11968944099378882,0.03347826086956522,0.06049689440993789,0.4251552795031056,0.3111229535666323,0.09172827310571437,0.5748447204968944,neutral,中性,0.4251552795031056,True
2020-04,台湾,36,0.2222222222222222,0.1575,0.1297222222222222,0.05,0.06138888888888889,0.37916666666666665,0.2778603052009214,0.12478553029669977,0.6208333333333333,neutral,中性,0.37916666666666665,True
2020-04,吉林,86,0.28348837209302324,0.15267441860465117,0.06686046511627906,0.030232558139534883,0.05895348837209303,0.4077906976744186,0.2938978111395403,0.08887501791757638,0.5922093023255814,neutral,中性,0.4077906976744186,True
2020-04,四川,156,0.2987179487179487,0.1592948717948718,0.07115384615384615,0.022115384615384617,0.06121794871794872,0.3875,0.3326311876998366,0.07053719783146785,0.6125,neutral,中性,0.3875,True
2020-04,天津,134,0.27425373134328357,0.1582089552238806,0.08507462686567165,0.023134328358208955,0.06044776119402985,0.3988805970149254,0.3129255042762955,0.07698664966237481,0.6011194029850746,neutral,中性,0.3988805970149254,True
2020-04,宁夏,20,0.32999999999999996,0.2,0.02,0.05499999999999999,0.0475,0.34750000000000003,0.33849512163164336,0.14680814547887786,0.6525000000000001,neutral,中性,0.34750000000000003,False
2020-04,安徽,154,0.275974025974026,0.12142857142857143,0.08668831168831169,0.019155844155844155,0.055519480519480524,0.44123376623376626,0.3130714789867123,0.06162241442110708,0.5587662337662338,neutral,中性,0.44123376623376626,True
2020-04,山东,159,0.25943396226415094,0.14528301886792452,0.09025157232704402,0.043710691823899375,0.07138364779874215,0.389937106918239,0.2978387238448735,0.11219080412641236,0.610062893081761,neutral,中性,0.389937106918239,True
2020-04,山西,107,0.27850467289719627,0.14345794392523364,0.08037383177570093,0.025233644859813085,0.05514018691588785,0.41728971962616823,0.30967969983095756,0.08252324766097244,0.5827102803738318,neutral,中性,0.41728971962616823,True
2020-04,广东,153,0.23235294117647057,0.19803921568627453,0.10686274509803922,0.0303921568627451,0.051307189542483665,0.3810457516339869,0.288454969362369,0.10150759858089167,0.6189542483660131,neutral,中性,0.3810457516339869,True
2020-04,广西,119,0.27773109243697475,0.18319327731092439,0.0995798319327731,0.026470588235294117,0.04537815126050421,0.36764705882352944,0.31446062773890954,0.09607190311581795,0.6323529411764706,neutral,中性,0.36764705882352944,True
2020-04,新疆,32,0.2375,0.115625,0.0828125,0.0171875,0.065625,0.48125,0.28624374905134214,0.030078861401752005,0.5187499999999999,neutral,中性,0.48125,True
2020-04,江苏,147,0.2285714285714286,0.15680272108843538,0.11054421768707483,0.02687074829931973,0.05170068027210885,0.42551020408163265,0.2923101186744176,0.07986978032842076,0.5744897959183674,neutral,中性,0.42551020408163265,True
2020-04,江西,94,0.2611702127659575,0.1468085106382979,0.09042553191489362,0.03138297872340426,0.06382978723404255,0.4063829787234043,0.28653981833294445,0.09332105599545618,0.5936170212765955,neutral,中性,0.4063829787234043,True
2020-04,河北,145,0.2593103448275862,0.14413793103448275,0.09379310344827586,0.03103448275862069,0.05206896551724138,0.41965517241379313,0.28528654009904814,0.0905363964406568,0.5803448275862069,neutral,中性,0.41965517241379313,True
2020-04,河南,153,0.22287581699346407,0.1542483660130719,0.06732026143790851,0.03660130718954248,0.05947712418300653,0.4594771241830065,0.2782101468187558,0.099341008908263,0.5405228758169933,neutral,中性,0.4594771241830065,True
2020-04,浙江,154,0.262987012987013,0.12564935064935065,0.10974025974025974,0.033441558441558446,0.06915584415584416,0.39902597402597406,0.2846741741906879,0.09359473108270717,0.600974025974026,neutral,中性,0.39902597402597406,True
2020-04,海南,50,0.258,0.14,0.091,0.036000000000000004,0.06,0.415,0.3022635692671587,0.10499757042864548,0.585,neutral,中性,0.415,True
2020-04,湖北,147,0.3112244897959184,0.11394557823129252,0.09183673469387756,0.029251700680272108,0.05170068027210885,0.4020408163265306,0.30709620544080646,0.08813974299391326,0.5979591836734695,neutral,中性,0.4020408163265306,True
2020-04,湖南,145,0.34413793103448276,0.15848275862068967,0.07275862068965518,0.024620689655172414,0.05448275862068966,0.34551724137931034,0.3335157546813789,0.08270614556010915,0.6544827586206897,neutral,中性,0.34551724137931034,True
2020-04,澳门,20,0.2,0.1675,0.095,0.034999999999999996,0.0425,0.45999999999999996,0.3077935056255462,0.13484884325167862,0.5399999999999999,neutral,中性,0.45999999999999996,False
2020-04,甘肃,70,0.23714285714285716,0.16714285714285712,0.06785714285714285,0.022142857142857145,0.04,0.46571428571428575,0.3035640603173506,0.07784959220324267,0.5342857142857143,neutral,中性,0.46571428571428575,True
2020-04,福建,158,0.3265822784810127,0.13702531645569618,0.0740506329113924,0.02689873417721519,0.048734177215189876,0.3867088607594937,0.31621119313654783,0.08401472344981724,0.6132911392405063,neutral,中性,0.3867088607594937,True
2020-04,西藏,9,0.2833333333333333,0.061111111111111116,0.17777777777777776,0.0,0.08333333333333333,0.39444444444444443,0.2936835031117683,0.0,0.6055555555555555,neutral,中性,0.39444444444444443,False
2020-04,贵州,55,0.20363636363636362,0.19272727272727272,0.09181818181818181,0.026363636363636363,0.07,0.41545454545454547,0.26384874761150867,0.06725748303028461,0.5845454545454545,neutral,中性,0.41545454545454547,True
2020-04,辽宁,160,0.225,0.1271875,0.081875,0.0240625,0.068125,0.47375,0.2797123410053475,0.0684445042149675,0.52625,neutral,中性,0.47375,True
2020-04,重庆,142,0.31338028169014087,0.1267605633802817,0.08345070422535211,0.013380281690140846,0.05880281690140845,0.4042253521126761,0.3005264584567292,0.05323422516575313,0.5957746478873239,neutral,中性,0.4042253521126761,True
2020-04,陕西,133,0.2951127819548872,0.14924812030075188,0.058646616541353384,0.02819548872180451,0.05676691729323309,0.4120300751879699,0.31597999682889727,0.0901079704750393,0.58796992481203,neutral,中性,0.4120300751879699,True
2020-04,青海,14,0.18928571428571428,0.12142857142857143,0.09285714285714286,0.04285714285714286,0.024999999999999998,0.5285714285714286,0.19629116072869854,0.10894095588038444,0.4714285714285714,neutral,中性,0.5285714285714286,False
2020-04,香港,50,0.21099999999999997,0.18,0.08800000000000001,0.055,0.087,0.379,0.2841546718796304,0.12299410969801834,0.621,neutral,中性,0.379,True
2020-04,黑龙江,141,0.24397163120567375,0.16879432624113475,0.12269503546099292,0.02269503546099291,0.04716312056737589,0.3946808510638298,0.3096931186850809,0.06747358671175509,0.6053191489361702,neutral,中性,0.3946808510638298,True
2020-05,上海,160,0.3290625,0.10093749999999999,0.118125,0.04,0.08,0.33187500000000003,0.3190725492214376,0.1091418786971096,0.6681250000000001,neutral,中性,0.33187500000000003,True
2020-05,云南,70,0.30642857142857144,0.03142857142857143,0.07785714285714286,0.030000000000000002,0.060714285714285714,0.49357142857142855,0.3121827582269103,0.10086581702181498,0.5064285714285716,neutral,中性,0.49357142857142855,True
2020-05,内蒙古,73,0.3150684931506849,0.06712328767123288,0.09452054794520548,0.02054794520547945,0.055479452054794515,0.4472602739726027,0.3136572939073934,0.09748063071079675,0.5527397260273973,neutral,中性,0.4472602739726027,True
2020-05,北京,149,0.31342281879194633,0.0587248322147651,0.12348993288590603,0.022818791946308724,0.0610738255033557,0.4204697986577181,0.327904427020387,0.06246166972645889,0.5795302013422818,neutral,中性,0.4204697986577181,True
2020-05,台湾,21,0.4,0.0642857142857143,0.014285714285714285,0.04523809523809524,0.04523809523809524,0.430952380952381,0.2761340254296815,0.11822093924593256,0.569047619047619,neutral,中性,0.430952380952381,False
2020-05,吉林,71,0.3161971830985915,0.09366197183098592,0.05985915492957746,0.028169014084507043,0.045774647887323945,0.4563380281690141,0.3393033459360227,0.09013180601057749,0.5436619718309859,neutral,中性,0.4563380281690141,True
2020-05,四川,154,0.312987012987013,0.0775974025974026,0.08733766233766234,0.015584415584415584,0.052597402597402594,0.4538961038961039,0.3353276221985301,0.06404641916474454,0.5461038961038961,neutral,中性,0.4538961038961039,True
2020-05,天津,91,0.39230769230769236,0.0945054945054945,0.09395604395604394,0.02252747252747253,0.04065934065934066,0.35604395604395606,0.3399283484078403,0.07274908791476216,0.6439560439560439,joy,喜悦,0.39230769230769236,True
2020-05,宁夏,24,0.3,0.04583333333333334,0.10208333333333335,0.004166666666666667,0.02916666666666667,0.5187499999999999,0.3226924771087927,0.020412414523193152,0.48125000000000007,neutral,中性,0.5187499999999999,False
2020-05,安徽,118,0.3093220338983051,0.06372881355932204,0.11483050847457626,0.01966101694915254,0.04033898305084745,0.4521186440677966,0.30247901336696376,0.06917007657198357,0.5478813559322033,neutral,中性,0.4521186440677966,True
2020-05,山东,148,0.24493243243243243,0.10081081081081081,0.10844594594594595,0.02445945945945946,0.03114864864864865,0.49020270270270266,0.3026380533276247,0.08890324775243207,0.5097972972972973,neutral,中性,0.49020270270270266,True
2020-05,山西,101,0.3217821782178218,0.10148514851485149,0.09554455445544555,0.026732673267326736,0.05346534653465347,0.400990099009901,0.2999513161818229,0.07828293442240254,0.5990099009900989,neutral,中性,0.400990099009901,True
2020-05,广东,157,0.24649681528662423,0.08152866242038218,0.1356687898089172,0.022929936305732486,0.05477707006369426,0.4585987261146497,0.2954307290972298,0.07647910009877859,0.5414012738853503,neutral,中性,0.4585987261146497,True
2020-05,广西,101,0.3118811881188119,0.08564356435643565,0.0608910891089109,0.015346534653465346,0.03811881188118812,0.4881188118811881,0.3317490403039235,0.06234684204409464,0.5118811881188119,neutral,中性,0.4881188118811881,True
2020-05,新疆,21,0.29523809523809524,0.13333333333333333,0.18571428571428572,0.016666666666666666,0.07380952380952381,0.29523809523809524,0.3106061661915141,0.042817441928883766,0.7047619047619047,joy,喜悦,0.29523809523809524,False
2020-05,江苏,159,0.29150943396226414,0.07672955974842768,0.11855345911949687,0.02830188679245283,0.060062893081761014,0.42484276729559745,0.3281231412084692,0.08334925411168621,0.5751572327044024,neutral,中性,0.42484276729559745,True
2020-05,江西,89,0.3629213483146067,0.06662921348314606,0.05,0.021235955056179777,0.04977528089887641,0.449438202247191,0.31483474109151527,0.08070457101956806,0.550561797752809,neutral,中性,0.449438202247191,True
2020-05,河北,132,0.32083333333333336,0.07765151515151515,0.10454545454545455,0.014393939393939393,0.05416666666666667,0.42840909090909096,0.3260942627422081,0.05404631284791142,0.571590909090909,neutral,中性,0.42840909090909096,True
2020-05,河南,143,0.32062937062937064,0.08391608391608392,0.11608391608391609,0.016783216783216783,0.06538461538461539,0.39720279720279716,0.3316268409922552,0.06136477631897654,0.6027972027972028,neutral,中性,0.39720279720279716,True
2020-05,浙江,154,0.3220779220779221,0.08474025974025974,0.09577922077922078,0.03181818181818182,0.06233766233766234,0.40324675324675324,0.3166401956421635,0.11170370790654757,0.5967532467532468,neutral,中性,0.40324675324675324,True
2020-05,海南,37,0.3081081081081081,0.058108108108108104,0.10675675675675676,0.02702702702702703,0.06216216216216217,0.4378378378378378,0.31765493015952806,0.08382736442849092,0.5621621621621622,neutral,中性,0.4378378378378378,True
2020-05,湖北,159,0.29371069182389936,0.08616352201257862,0.1031446540880503,0.03018867924528302,0.061949685534591195,0.42484276729559745,0.3124394694979353,0.09776276955741231,0.5751572327044024,neutral,中性,0.42484276729559745,True
2020-05,湖南,124,0.3350806451612903,0.06411290322580646,0.10483870967741936,0.013306451612903227,0.05725806451612904,0.4254032258064516,0.31667606995300607,0.03556104962907052,0.5745967741935484,neutral,中性,0.4254032258064516,True
2020-05,澳门,15,0.38999999999999996,0.060000000000000005,0.12000000000000001,0.05999999999999999,0.09000000000000001,0.28,0.3117920552456167,0.17948338562186114,0.72,joy,喜悦,0.38999999999999996,False
2020-05,甘肃,45,0.3522222222222222,0.04111111111111111,0.042222222222222223,0.013333333333333336,0.034444444444444444,0.5166666666666667,0.33285192509643685,0.04183300132670378,0.4833333333333334,neutral,中性,0.5166666666666667,True
2020-05,福建,139,0.3129496402877698,0.0960431654676259,0.10899280575539569,0.034532374100719423,0.05683453237410072,0.3906474820143885,0.33195392826264325,0.09814380916622371,0.6093525179856114,neutral,中性,0.3906474820143885,True
2020-05,西藏,8,0.3,0.1,0.125,0.0,0.0625,0.4125,0.40266966255586867,0.0,0.5875,neutral,中性,0.4125,False
2020-05,贵州,38,0.19999999999999998,0.075,0.05526315789473685,0.01842105263157895,0.039473684210526314,0.6118421052631579,0.3033595672251446,0.049893200305250594,0.38815789473684215,neutral,中性,0.6118421052631579,True
2020-05,辽宁,143,0.28321678321678323,0.08916083916083917,0.08671328671328672,0.03671328671328671,0.061888111888111885,0.4423076923076923,0.32147021722301183,0.10446898740421624,0.5576923076923077,neutral,中性,0.4423076923076923,True
2020-05,重庆,125,0.38,0.0592,0.072,0.0248,0.04,0.424,0.3405403675564526,0.06768761262761311,0.5760000000000001,neutral,中性,0.424,True
2020-05,陕西,140,0.29892857142857143,0.07250000000000001,0.06821428571428571,0.032857142857142856,0.04964285714285714,0.4778571428571429,0.3012245903874045,0.11544898723526556,0.522142857142857,neutral,中性,0.4778571428571429,True
2020-05,青海,6,0.3,0.13333333333333333,0.0,0.049999999999999996,0.03333333333333333,0.48333333333333334,0.3346640106136302,0.1224744871391589,0.5166666666666666,neutral,中性,0.48333333333333334,False
2020-05,香港,26,0.3942307692307692,0.07884615384615384,0.01730769230769231,0.015384615384615385,0.05,0.44423076923076926,0.3125146150428562,0.04640954808922571,0.5557692307692308,neutral,中性,0.44423076923076926,False
2020-05,黑龙江,93,0.2940860215053763,0.1,0.1010752688172043,0.04408602150537634,0.049462365591397855,0.4112903225806452,0.311626994697534,0.13469963815789968,0.588709677419355,neutral,中性,0.4112903225806452,True
2020-06,上海,153,0.22287581699346407,0.09183006535947713,0.12549019607843137,0.05032679738562092,0.0715686274509804,0.43790849673202614,0.2774405417633954,0.1271520965566621,0.5620915032679739,neutral,中性,0.43790849673202614,True
2020-06,云南,55,0.21545454545454545,0.07090909090909092,0.11545454545454545,0.03272727272727273,0.08090909090909092,0.4845454545454545,0.27248389814349533,0.07467099554551002,0.5154545454545455,neutral,中性,0.4845454545454545,True
2020-06,内蒙古,56,0.23750000000000002,0.09017857142857143,0.11696428571428572,0.026785714285714284,0.05267857142857143,0.4758928571428571,0.31002199335472375,0.0797520508224686,0.5241071428571429,neutral,中性,0.4758928571428571,True
2020-06,北京,153,0.18333333333333335,0.09869281045751634,0.10130718954248366,0.058496732026143784,0.03562091503267974,0.5225490196078432,0.2800963180201072,0.12911526491467587,0.47745098039215683,neutral,中性,0.5225490196078432,True
2020-06,台湾,21,0.3404761904761905,0.054761904761904755,0.04285714285714285,0.02619047619047619,0.028571428571428574,0.5071428571428571,0.37802746183943026,0.1091089451179962,0.4928571428571429,neutral,中性,0.5071428571428571,False
2020-06,吉林,76,0.2263157894736842,0.08552631578947369,0.0736842105263158,0.028947368421052635,0.034210526315789476,0.5513157894736842,0.28360461728852093,0.08377078165833911,0.4486842105263157,neutral,中性,0.5513157894736842,True
2020-06,四川,153,0.22516339869281046,0.08496732026143791,0.07320261437908496,0.04542483660130719,0.049019607843137254,0.5222222222222223,0.2884352170609624,0.1196705286681585,0.47777777777777775,neutral,中性,0.5222222222222223,True
2020-06,天津,125,0.25680000000000003,0.061439999999999995,0.10615999999999999,0.0268,0.0464,0.5024,0.32443151272897786,0.0794497203551789,0.49759999999999993,neutral,中性,0.5024,True
2020-06,宁夏,18,0.18333333333333332,0.07222222222222223,0.2,0.07222222222222223,0.058333333333333334,0.4138888888888889,0.3289913283319897,0.1564516672426553,0.586111111111111,neutral,中性,0.4138888888888889,False
2020-06,安徽,131,0.2129770992366412,0.08923664122137404,0.09465648854961832,0.04358778625954198,0.05610687022900763,0.5034351145038168,0.28659726408187003,0.10725289095827582,0.49656488549618316,neutral,中性,0.5034351145038168,True
2020-06,山东,148,0.2375,0.06655405405405405,0.06351351351351352,0.04560810810810811,0.04290540540540541,0.543918918918919,0.2973737084023731,0.11557149538729809,0.45608108108108103,neutral,中性,0.543918918918919,True
2020-06,山西,87,0.22701149425287356,0.08850574712643679,0.08620689655172414,0.02413793103448276,0.04310344827586207,0.5310344827586208,0.2604562854118363,0.07024130707016649,0.46896551724137925,neutral,中性,0.5310344827586208,True
2020-06,广东,147,0.22823129251700677,0.07653061224489796,0.10714285714285714,0.029591836734693882,0.05442176870748299,0.5040816326530612,0.2920210648253695,0.08332867380506034,0.49591836734693884,neutral,中性,0.5040816326530612,True
2020-06,广西,94,0.2276595744680851,0.08776595744680851,0.10212765957446808,0.03138297872340426,0.04308510638297872,0.5079787234042553,0.302108808753897,0.08798339364120479,0.4920212765957448,neutral,中性,0.5079787234042553,True
2020-06,新疆,21,0.21428571428571427,0.12380952380952381,0.13571428571428573,0.05952380952380952,0.06190476190476191,0.40476190476190477,0.2833473385894321,0.12411592123801805,0.5952380952380952,neutral,中性,0.40476190476190477,False
2020-06,江苏,147,0.204421768707483,0.08775510204081632,0.10340136054421768,0.03197278911564626,0.053401360544217694,0.519047619047619,0.2785680833425183,0.08336780574849165,0.4809523809523809,neutral,中性,0.519047619047619,True
2020-06,江西,75,0.22666666666666666,0.094,0.09799999999999999,0.035333333333333335,0.044000000000000004,0.502,0.3071593183461098,0.0932786197416155,0.498,neutral,中性,0.502,True
2020-06,河北,146,0.20787671232876714,0.08835616438356164,0.07602739726027397,0.05136986301369863,0.03356164383561644,0.5428082191780822,0.2877192331233987,0.11446204091154533,0.4571917808219178,neutral,中性,0.5428082191780822,True
2020-06,河南,151,0.2490066225165563,0.07006622516556292,0.07350993377483443,0.03708609271523179,0.06139072847682119,0.5089403973509934,0.293681811868758,0.09459802255842707,0.4910596026490066,neutral,中性,0.5089403973509934,True
2020-06,浙江,150,0.20779999999999998,0.08693333333333332,0.092,0.043866666666666665,0.05006666666666666,0.5193333333333334,0.28691572085280237,0.11627199462373028,0.4806666666666667,neutral,中性,0.5193333333333334,True
2020-06,海南,33,0.21212121212121213,0.13939393939393938,0.1272727272727273,0.05454545454545455,0.05606060606060606,0.41060606060606064,0.28063274015781703,0.1154905545134241,0.5893939393939394,neutral,中性,0.41060606060606064,True
2020-06,湖北,149,0.2523489932885906,0.09798657718120805,0.10906040268456375,0.03557046979865772,0.05738255033557047,0.4476510067114094,0.3029324901639847,0.08508646278405352,0.5523489932885907,neutral,中性,0.4476510067114094,True
2020-06,湖南,126,0.24484126984126986,0.09801587301587301,0.09857142857142857,0.03626984126984127,0.06833333333333334,0.45396825396825397,0.29392715866890323,0.10303967489843222,0.5460317460317461,neutral,中性,0.45396825396825397,True
2020-06,澳门,15,0.19,0.07666666666666666,0.16666666666666666,0.013333333333333334,0.04000000000000001,0.5133333333333333,0.2123003263573294,0.035186577527449844,0.4866666666666666,neutral,中性,0.5133333333333333,False
2020-06,甘肃,42,0.20952380952380953,0.04285714285714286,0.04047619047619048,0.02261904761904762,0.04285714285714286,0.6416666666666666,0.279205775858843,0.07088498151194579,0.3583333333333334,neutral,中性,0.6416666666666666,True
2020-06,福建,136,0.25919117647058826,0.07941176470588236,0.07463235294117647,0.04044117647058824,0.042279411764705885,0.5040441176470588,0.295973109757198,0.1201102434775456,0.4959558823529411,neutral,中性,0.5040441176470588,True
2020-06,西藏,7,0.3071428571428571,0.0642857142857143,0.12857142857142856,0.0071428571428571435,0.05,0.4428571428571429,0.29780946289612126,0.018898223650461364,0.5571428571428572,neutral,中性,0.4428571428571429,False
2020-06,贵州,37,0.20810810810810812,0.02027027027027027,0.07702702702702703,0.04594594594594594,0.06756756756756757,0.581081081081081,0.2670605199600295,0.11265629783301705,0.41891891891891897,neutral,中性,0.581081081081081,True
2020-06,辽宁,137,0.23175182481751824,0.07664233576642336,0.08722627737226277,0.03321167883211679,0.03832116788321168,0.5328467153284672,0.2907821546890665,0.08050332753964222,0.46715328467153283,neutral,中性,0.5328467153284672,True
2020-06,重庆,115,0.24347826086956523,0.07478260869565218,0.09,0.037826086956521746,0.06304347826086956,0.49086956521739133,0.2994528445385217,0.10420781033374504,0.5091304347826087,neutral,中性,0.49086956521739133,True
2020-06,陕西,120,0.18875,0.07791666666666666,0.11416666666666667,0.03875,0.04625,0.5341666666666666,0.2648499257943588,0.09988701600501719,0.46583333333333343,neutral,中性,0.5341666666666666,True
2020-06,青海,11,0.39545454545454545,0.018181818181818184,0.0,0.004545454545454546,0.07727272727272727,0.5045454545454545,0.3150036074829505,0.015075567228888184,0.4954545454545455,neutral,中性,0.5045454545454545,False
2020-06,香港,37,0.24864864864864863,0.09594594594594595,0.13378378378378378,0.033783783783783786,0.06351351351351352,0.4243243243243243,0.3130243348914493,0.0816956190635347,0.5756756756756756,neutral,中性,0.4243243243243243,True
2020-06,黑龙江,81,0.3,0.0808641975308642,0.053086419753086415,0.01790123456790124,0.04259259259259259,0.5055555555555555,0.3234578797927174,0.04763706669660497,0.49444444444444446,neutral,中性,0.5055555555555555,True
2020-07,上海,154,0.22746753246753249,0.11396103896103897,0.12142857142857143,0.04512987012987013,0.07837662337662338,0.41363636363636364,0.2932543603324632,0.1066068276577584,0.5863636363636364,neutral,中性,0.41363636363636364,True
2020-07,云南,61,0.3073770491803279,0.0598360655737705,0.05573770491803279,0.03770491803278688,0.05737704918032787,0.4819672131147541,0.34105669929081817,0.10474402835202509,0.5180327868852459,neutral,中性,0.4819672131147541,True
2020-07,内蒙古,35,0.21285714285714286,0.0757142857142857,0.06714285714285714,0.06571428571428571,0.03285714285714286,0.5457142857142857,0.30446260688563487,0.14182187905309696,0.4542857142857143,neutral,中性,0.5457142857142857,True
2020-07,北京,153,0.24444444444444444,0.09607843137254903,0.10686274509803922,0.041176470588235294,0.0457516339869281,0.46568627450980393,0.3138028397293788,0.10034769276233739,0.5343137254901961,neutral,中性,0.46568627450980393,True
2020-07,台湾,27,0.3425925925925926,0.07777777777777778,0.09814814814814815,0.037037037037037035,0.05555555555555555,0.3888888888888889,0.3446580534227712,0.0915597667274818,0.611111111111111,neutral,中性,0.3888888888888889,False
2020-07,吉林,45,0.2722222222222222,0.06111111111111111,0.10666666666666666,0.03333333333333333,0.06999999999999999,0.45666666666666667,0.331757639419398,0.10390117682420419,0.5433333333333333,neutral,中性,0.45666666666666667,True
2020-07,四川,153,0.32516339869281047,0.06699346405228758,0.07908496732026143,0.028431372549019604,0.07058823529411765,0.4297385620915033,0.3160261160409878,0.09420105630664619,0.5702614379084967,neutral,中性,0.4297385620915033,True
2020-07,天津,112,0.27767857142857144,0.08080357142857143,0.1263392857142857,0.033928571428571426,0.05089285714285714,0.4303571428571429,0.31104584449003225,0.1004974755889052,0.5696428571428571,neutral,中性,0.4303571428571429,True
2020-07,宁夏,19,0.31842105263157894,0.06315789473684212,0.047368421052631574,0.007894736842105265,0.06842105263157895,0.4947368421052632,0.31850803509653036,0.025072992856063955,0.5052631578947369,neutral,中性,0.4947368421052632,False
2020-07,安徽,111,0.25585585585585585,0.08963963963963964,0.13648648648648648,0.032432432432432434,0.05540540540540541,0.43018018018018017,0.3202086492173174,0.11029890147162695,0.5698198198198199,neutral,中性,0.43018018018018017,True
2020-07,山东,156,0.2862179487179487,0.08525641025641026,0.08685897435897437,0.035576923076923075,0.04519230769230769,0.4608974358974359,0.3172245423298933,0.09804699587189665,0.5391025641025641,neutral,中性,0.4608974358974359,True
2020-07,山西,69,0.3108695652173913,0.06304347826086956,0.08623188405797101,0.02971014492753623,0.05869565217391304,0.4514492753623188,0.319796530581348,0.10193670202187399,0.5485507246376812,neutral,中性,0.4514492753623188,True
2020-07,广东,152,0.27171052631578946,0.1,0.13322368421052633,0.03519736842105263,0.05888157894736843,0.4009868421052632,0.30539687850139635,0.10403113641608606,0.5990131578947369,neutral,中性,0.4009868421052632,True
2020-07,广西,97,0.32422680412371135,0.058762886597938144,0.13814432989690723,0.041237113402061855,0.06907216494845361,0.36855670103092786,0.36171707132885184,0.12788550976653854,0.6314432989690721,neutral,中性,0.36855670103092786,True
2020-07,新疆,66,0.28106060606060607,0.10757575757575757,0.10151515151515152,0.02954545454545455,0.05984848484848485,0.42045454545454547,0.31789755867080494,0.08900184644898482,0.5795454545454546,neutral,中性,0.42045454545454547,True
2020-07,江苏,156,0.28397435897435896,0.09999999999999999,0.11121794871794873,0.04006410256410257,0.05705128205128206,0.4076923076923077,0.3129973296540311,0.10324100707456343,0.5923076923076924,neutral,中性,0.4076923076923077,True
2020-07,江西,81,0.3037037037037037,0.08024691358024691,0.08395061728395062,0.03827160493827161,0.05555555555555555,0.4382716049382716,0.3125277765433197,0.09593995678882693,0.5617283950617282,neutral,中性,0.4382716049382716,True
2020-07,河北,131,0.21068702290076338,0.09618320610687023,0.10534351145038169,0.04122137404580153,0.05152671755725191,0.49503816793893124,0.27707313902426745,0.09696964553415958,0.5049618320610687,neutral,中性,0.49503816793893124,True
2020-07,河南,144,0.33368055555555554,0.07951388888888888,0.10451388888888889,0.030208333333333337,0.06666666666666667,0.3854166666666667,0.3341218456359263,0.099688106268845,0.6145833333333333,neutral,中性,0.3854166666666667,True
2020-07,浙江,148,0.30033783783783785,0.09493243243243243,0.10337837837837838,0.04560810810810811,0.07837837837837838,0.37736486486486487,0.3226430295930056,0.11457241628449293,0.6226351351351351,neutral,中性,0.37736486486486487,True
2020-07,海南,28,0.2571428571428572,0.18571428571428572,0.07142857142857142,0.042857142857142864,0.05,0.39285714285714285,0.28503225474213656,0.10338196500275418,0.6071428571428572,neutral,中性,0.39285714285714285,False
2020-07,湖北,159,0.26069182389937107,0.11981132075471698,0.0871069182389937,0.04654088050314466,0.05188679245283019,0.4339622641509434,0.2899893483352762,0.11598770898100734,0.5660377358490566,neutral,中性,0.4339622641509434,True
2020-07,湖南,124,0.2592741935483871,0.10483870967741936,0.13911290322580644,0.05443548387096774,0.06733870967741935,0.375,0.31119798259189124,0.13510190324016,0.625,neutral,中性,0.375,True
2020-07,澳门,10,0.375,0.025,0.08,0.02,0.11000000000000001,0.39,0.33103373443402007,0.06324555320336758,0.61,neutral,中性,0.39,False
2020-07,甘肃,40,0.31,0.11000000000000001,0.10124999999999999,0.04625,0.08,0.3525,0.33266599866332397,0.0956673590611949,0.6475000000000001,neutral,中性,0.3525,True
2020-07,福建,149,0.27919463087248325,0.08053691275167785,0.1,0.034899328859060406,0.06140939597315437,0.4439597315436242,0.30180205786763586,0.10665438910688455,0.5560402684563757,neutral,中性,0.4439597315436242,True
2020-07,西藏,13,0.21923076923076923,0.05,0.11153846153846153,0.01153846153846154,0.05,0.5576923076923077,0.2968855429976772,0.029957234475763907,0.4423076923076923,neutral,中性,0.5576923076923077,False
2020-07,贵州,48,0.28229166666666666,0.09270833333333334,0.08750000000000001,0.024999999999999998,0.06145833333333334,0.4510416666666666,0.2941792736333764,0.07579367289598671,0.5489583333333334,neutral,中性,0.4510416666666666,True
2020-07,辽宁,131,0.22862595419847329,0.08473282442748091,0.10038167938931299,0.04580152671755725,0.06526717557251908,0.4751908396946565,0.28534934960710506,0.09826145811811138,0.5248091603053435,neutral,中性,0.4751908396946565,True
2020-07,重庆,123,0.341869918699187,0.07520325203252033,0.10203252032520325,0.020731707317073172,0.07560975609756099,0.38455284552845526,0.3260779088075248,0.07463760239533068,0.6154471544715447,neutral,中性,0.38455284552845526,True
2020-07,陕西,123,0.2146341463414634,0.09146341463414634,0.07967479674796747,0.03414634146341464,0.042682926829268296,0.5373983739837398,0.27361661787721986,0.09903573480967505,0.4626016260162602,neutral,中性,0.5373983739837398,True
2020-07,青海,8,0.2,0.09375,0.375,0.03125,0.018750000000000003,0.28125,0.28784916685156975,0.04580626906564522,0.71875,anger,愤怒,0.375,False
2020-07,香港,36,0.33194444444444443,0.08194444444444444,0.08055555555555555,0.044444444444444446,0.044444444444444446,0.4166666666666667,0.3280141063555864,0.12749105166233532,0.5833333333333333,neutral,中性,0.4166666666666667,True
2020-07,黑龙江,94,0.2409574468085106,0.07765957446808511,0.06968085106382979,0.04095744680851064,0.06170212765957447,0.5090425531914894,0.2967532886065249,0.10420275055639674,0.4909574468085107,neutral,中性,0.5090425531914894,True
2020-08,上海,153,0.24183006535947713,0.10163398692810457,0.1088235294117647,0.03594771241830065,0.06535947712418301,0.4464052287581699,0.2915734039304699,0.08819414818647439,0.55359477124183,neutral,中性,0.4464052287581699,True
2020-08,云南,60,0.31,0.04416666666666667,0.035833333333333335,0.0325,0.0575,0.52,0.32440297183532896,0.10034896738002483,0.48,neutral,中性,0.52,True
2020-08,内蒙古,64,0.28828125,0.0609375,0.05078125,0.039843750000000004,0.04921875,0.5109375,0.334372450294388,0.095609858485841,0.48906249999999996,neutral,中性,0.5109375,True
2020-08,北京,157,0.2557324840764331,0.07738853503184713,0.08917197452229299,0.030573248407643312,0.05445859872611465,0.49267515923566874,0.30550337574545183,0.09585139431737719,0.5073248407643313,neutral,中性,0.49267515923566874,True
2020-08,台湾,32,0.334375,0.10312500000000001,0.075,0.07187500000000001,0.053125000000000006,0.3625,0.34581309048153036,0.11067060978854207,0.6375,neutral,中性,0.3625,True
2020-08,吉林,67,0.22089552238805968,0.09567164179104477,0.10014925373134329,0.027761194029850746,0.06268656716417911,0.4928358208955224,0.2722172224378326,0.07497112364351273,0.5071641791044776,neutral,中性,0.4928358208955224,True
2020-08,四川,161,0.28695652173913044,0.08788819875776398,0.0829192546583851,0.023291925465838508,0.05714285714285714,0.4618012422360248,0.2975694109746935,0.07846795840911379,0.5381987577639752,neutral,中性,0.4618012422360248,True
2020-08,天津,104,0.2552884615384615,0.10721153846153847,0.07211538461538461,0.04567307692307692,0.07211538461538461,0.4475961538461538,0.289200292506698,0.10705922889415699,0.5524038461538462,neutral,中性,0.4475961538461538,True
2020-08,宁夏,12,0.4791666666666667,0.06666666666666667,0.0,0.016666666666666666,0.0625,0.375,0.366468610421469,0.03892494720807615,0.625,joy,喜悦,0.4791666666666667,False
2020-08,安徽,128,0.262109375,0.083984375,0.063671875,0.036328125,0.04453125,0.509375,0.304865149855566,0.10247235919801155,0.490625,neutral,中性,0.509375,True
2020-08,山东,156,0.2971153846153846,0.08076923076923077,0.08621794871794872,0.02435897435897436,0.05576923076923078,0.45576923076923076,0.315882807209919,0.07195141270266354,0.5442307692307693,neutral,中性,0.45576923076923076,True
2020-08,山西,73,0.2671232876712329,0.07876712328767123,0.1184931506849315,0.024657534246575342,0.05136986301369863,0.4595890410958904,0.30106514361538467,0.10142159248214058,0.5404109589041095,neutral,中性,0.4595890410958904,True
2020-08,广东,163,0.2929447852760736,0.09877300613496934,0.09417177914110429,0.04141104294478527,0.07730061349693251,0.39539877300613496,0.3059531403548739,0.09036877329001756,0.604601226993865,neutral,中性,0.39539877300613496,True
2020-08,广西,79,0.3063291139240506,0.06582278481012659,0.09367088607594937,0.03291139240506329,0.08164556962025317,0.4196202531645569,0.3040714204868604,0.08618929522938978,0.5803797468354428,neutral,中性,0.4196202531645569,True
2020-08,新疆,94,0.23244680851063831,0.12446808510638298,0.06223404255319149,0.03670212765957447,0.05,0.49414893617021277,0.23229887205375496,0.12338756405394478,0.5058510638297871,neutral,中性,0.49414893617021277,True
2020-08,江苏,159,0.2641509433962264,0.08742138364779875,0.09842767295597485,0.04528301886792453,0.07264150943396226,0.4320754716981132,0.3011124981888997,0.11783818190586358,0.5679245283018868,neutral,中性,0.4320754716981132,True
2020-08,江西,102,0.2514705882352941,0.08872549019607844,0.09509803921568627,0.032352941176470584,0.060294117647058824,0.47205882352941175,0.307855556520974,0.10545682304107826,0.5279411764705884,neutral,中性,0.47205882352941175,True
2020-08,河北,135,0.27792592592592597,0.07192592592592593,0.1025925925925926,0.021185185185185185,0.039703703703703706,0.4866666666666667,0.31341426568484493,0.0811305549288458,0.5133333333333334,neutral,中性,0.4866666666666667,True
2020-08,河南,148,0.2614864864864865,0.06074324324324325,0.08445945945945946,0.022364864864864865,0.047027027027027025,0.523918918918919,0.27909563587738623,0.08896503545008384,0.47608108108108116,neutral,中性,0.523918918918919,True
2020-08,浙江,160,0.2759375,0.0753125,0.0825,0.033125,0.0565625,0.4765625,0.2884556512461648,0.09481652258955103,0.5234375,neutral,中性,0.4765625,True
2020-08,海南,31,0.3129032258064516,0.0967741935483871,0.07096774193548387,0.07096774193548387,0.08387096774193549,0.3645161290322581,0.31910493100114784,0.17164604740977243,0.635483870967742,neutral,中性,0.3645161290322581,True
2020-08,湖北,150,0.305,0.09899999999999999,0.10033333333333334,0.03133333333333333,0.06866666666666667,0.39566666666666667,0.29164828960961653,0.08947022801034829,0.6043333333333334,neutral,中性,0.39566666666666667,True
2020-08,湖南,137,0.30693430656934306,0.08138686131386862,0.08963503649635036,0.031386861313868614,0.059270072992700734,0.4313868613138686,0.2987832237095778,0.07812304098016139,0.5686131386861314,neutral,中性,0.4313868613138686,True
2020-08,澳门,12,0.09999999999999999,0.08333333333333333,0.15,0.05833333333333333,0.09166666666666667,0.5166666666666667,0.13483997249264842,0.15050420310248863,0.4833333333333335,neutral,中性,0.5166666666666667,False
2020-08,甘肃,39,0.28076923076923077,0.11666666666666667,0.057692307692307696,0.021794871794871794,0.05384615384615385,0.46923076923076923,0.2990369156526948,0.06365498264169671,0.5307692307692309,neutral,中性,0.46923076923076923,True
2020-08,福建,142,0.29119718309859155,0.09436619718309859,0.06690140845070422,0.030633802816901406,0.05211267605633803,0.4647887323943662,0.30313370968840725,0.08564494403009608,0.5352112676056338,neutral,中性,0.4647887323943662,True
2020-08,西藏,13,0.21153846153846154,0.14615384615384616,0.049999999999999996,0.03461538461538462,0.09615384615384616,0.46153846153846156,0.25670495884855027,0.05157767356382421,0.5384615384615384,neutral,中性,0.46153846153846156,False
2020-08,贵州,48,0.25,0.06354166666666668,0.090625,0.010416666666666666,0.046875,0.5385416666666667,0.27829266700838223,0.05152806850612228,0.4614583333333333,neutral,中性,0.5385416666666667,True
2020-08,辽宁,145,0.26068965517241377,0.09137931034482759,0.07482758620689654,0.021379310344827585,0.04586206896551724,0.5058620689655172,0.29351711849664697,0.06528378956583807,0.49413793103448267,neutral,中性,0.5058620689655172,True
2020-08,重庆,129,0.28527131782945736,0.1,0.13410852713178295,0.023643410852713178,0.05465116279069768,0.40232558139534885,0.3313327196701693,0.07605444168998411,0.5976744186046511,neutral,中性,0.40232558139534885,True
2020-08,陕西,129,0.20519379844961239,0.06434108527131784,0.087984496124031,0.04496124031007752,0.044186046511627906,0.5533333333333333,0.284239942585908,0.11504838677030467,0.44666666666666666,neutral,中性,0.5533333333333333,True
2020-08,青海,9,0.25555555555555554,0.11666666666666667,0.1888888888888889,0.011111111111111112,0.03666666666666667,0.39111111111111113,0.31666666666666665,0.03333333333333334,0.6088888888888888,neutral,中性,0.39111111111111113,False
2020-08,香港,44,0.2840909090909091,0.05340909090909091,0.075,0.011363636363636364,0.031818181818181815,0.5443181818181818,0.3081778268121982,0.03714152124540449,0.4556818181818182,neutral,中性,0.5443181818181818,True
2020-08,黑龙江,84,0.2571428571428572,0.08035714285714286,0.08392857142857142,0.023809523809523808,0.05952380952380952,0.49523809523809526,0.2877145984988054,0.06515791312760105,0.5047619047619047,neutral,中性,0.49523809523809526,True
2020-09,上海,143,0.286013986013986,0.10223776223776225,0.1555944055944056,0.024825174825174826,0.06944055944055944,0.3618881118881119,0.2999064170002761,0.0738465591029295,0.6381118881118881,neutral,中性,0.3618881118881119,True
2020-09,云南,73,0.2595890410958904,0.10273972602739725,0.11232876712328767,0.034931506849315064,0.07054794520547945,0.41986301369863016,0.283781206586285,0.08108848540793831,0.5801369863013699,neutral,中性,0.41986301369863016,True
2020-09,内蒙古,60,0.26083333333333336,0.09083333333333334,0.10250000000000001,0.03916666666666667,0.035833333333333335,0.4708333333333333,0.3036629022322127,0.11126836800058731,0.5291666666666668,neutral,中性,0.4708333333333333,True
2020-09,北京,141,0.30851063829787234,0.10070921985815603,0.12836879432624115,0.01170212765957447,0.042198581560283686,0.4085106382978724,0.3154904032278564,0.05231712976520503,0.5914893617021277,neutral,中性,0.4085106382978724,True
2020-09,台湾,27,0.5407407407407407,0.05925925925925926,0.05185185185185185,0.011111111111111113,0.07592592592592594,0.2611111111111111,0.28890943385196166,0.025318484177091673,0.7388888888888889,joy,喜悦,0.5407407407407407,False
2020-09,吉林,70,0.40014285714285713,0.06271428571428571,0.09585714285714286,0.007285714285714286,0.044000000000000004,0.39,0.3177616135787679,0.024490248196553224,0.6099999999999999,joy,喜悦,0.40014285714285713,True
2020-09,四川,137,0.31532846715328466,0.0916058394160584,0.11094890510948904,0.020437956204379566,0.052189781021897814,0.40948905109489053,0.2885410845832636,0.07315242560751334,0.5905109489051095,neutral,中性,0.40948905109489053,True
2020-09,天津,114,0.2912280701754386,0.07061403508771931,0.13421052631578947,0.0206140350877193,0.046052631578947366,0.437280701754386,0.28309646984816084,0.06810046050965497,0.5627192982456141,neutral,中性,0.437280701754386,True
2020-09,宁夏,12,0.20416666666666664,0.10000000000000002,0.10416666666666667,0.008333333333333333,0.016666666666666666,0.5666666666666667,0.30782103222292634,0.02886751345948129,0.43333333333333346,neutral,中性,0.5666666666666667,False
2020-09,安徽,107,0.2766355140186916,0.09018691588785047,0.1369158878504673,0.012149532710280374,0.047663551401869154,0.43644859813084114,0.27311254133834617,0.05821281771230452,0.5635514018691589,neutral,中性,0.43644859813084114,True
2020-09,山东,141,0.2868794326241134,0.1021276595744681,0.08475177304964539,0.02446808510638298,0.0673758865248227,0.43439716312056736,0.28826112852207225,0.07690834556159219,0.5656028368794326,neutral,中性,0.43439716312056736,True
2020-09,山西,71,0.3295774647887324,0.08450704225352113,0.13943661971830987,0.01619718309859155,0.03802816901408451,0.3922535211267606,0.30712694732084933,0.07453409952465857,0.6077464788732394,neutral,中性,0.3922535211267606,True
2020-09,广东,140,0.31142857142857144,0.09928571428571428,0.15642857142857142,0.020714285714285713,0.04392857142857143,0.36821428571428577,0.31952881548618123,0.06916399921386783,0.6317857142857142,neutral,中性,0.36821428571428577,True
2020-09,广西,107,0.338785046728972,0.11962616822429907,0.16775700934579438,0.011214953271028038,0.05841121495327103,0.3042056074766355,0.3016705383966992,0.03781060748574654,0.6957943925233645,joy,喜悦,0.338785046728972,True
2020-09,新疆,38,0.3381578947368421,0.1105263157894737,0.09605263157894736,0.006578947368421052,0.034210526315789476,0.4144736842105263,0.3113688632314455,0.026434653320202957,0.5855263157894737,neutral,中性,0.4144736842105263,True
2020-09,江苏,138,0.27717391304347827,0.09492753623188406,0.15,0.02789855072463768,0.05579710144927536,0.3942028985507246,0.2983604568876568,0.09778908406048151,0.6057971014492753,neutral,中性,0.3942028985507246,True
2020-09,江西,88,0.31136363636363634,0.08579545454545455,0.15511363636363637,0.01363636363636364,0.022727272727272728,0.4113636363636364,0.30782209303644453,0.054523680781246,0.5886363636363636,neutral,中性,0.4113636363636364,True
2020-09,河北,112,0.378125,0.08705357142857142,0.060267857142857144,0.005803571428571429,0.045089285714285714,0.42366071428571433,0.31306255671097816,0.03200896250776774,0.5763392857142857,neutral,中性,0.42366071428571433,True
2020-09,河南,135,0.3951851851851852,0.0737037037037037,0.09,0.014444444444444444,0.03814814814814815,0.38851851851851854,0.3210218104178561,0.05822840598609576,0.6114814814814815,joy,喜悦,0.3951851851851852,True
2020-09,浙江,143,0.3479020979020979,0.07727272727272728,0.1300699300699301,0.012587412587412588,0.045804195804195806,0.38636363636363635,0.33287449131376645,0.06006701992520329,0.6136363636363636,neutral,中性,0.38636363636363635,True
2020-09,海南,37,0.33513513513513515,0.12702702702702703,0.18783783783783783,0.005405405405405406,0.033783783783783786,0.3108108108108108,0.3146569703804589,0.019663078005150585,0.6891891891891893,joy,喜悦,0.33513513513513515,True
2020-09,湖北,141,0.3159574468085106,0.1319148936170213,0.11985815602836879,0.01773049645390071,0.04468085106382979,0.3698581560283688,0.30760126955757944,0.06631492823022841,0.6301418439716311,neutral,中性,0.3698581560283688,True
2020-09,湖南,118,0.34576271186440677,0.10508474576271187,0.13728813559322034,0.020338983050847456,0.05296610169491525,0.3385593220338983,0.30124927004106616,0.06801121329604191,0.6614406779661017,joy,喜悦,0.34576271186440677,True
2020-09,澳门,6,0.35000000000000003,0.05000000000000001,0.09999999999999999,0.03333333333333333,0.06666666666666667,0.4000000000000001,0.3209361307176242,0.051639777949432225,0.5999999999999999,neutral,中性,0.4000000000000001,False
2020-09,甘肃,44,0.3068181818181818,0.07727272727272727,0.0659090909090909,0.011363636363636364,0.042045454545454546,0.49659090909090914,0.276731527416709,0.04428191447148647,0.5034090909090909,neutral,中性,0.49659090909090914,True
2020-09,福建,128,0.35625,0.074609375,0.1203125,0.009375,0.03671875,0.402734375,0.32573357549495024,0.042440324013397965,0.597265625,neutral,中性,0.402734375,True
2020-09,西藏,11,0.4272727272727273,0.10909090909090909,0.19090909090909092,0.02727272727272728,0.045454545454545456,0.2,0.35592389380570977,0.06466697906828633,0.8,joy,喜悦,0.4272727272727273,False
2020-09,贵州,59,0.34152542372881356,0.09661016949152543,0.07542372881355933,0.02627118644067797,0.07203389830508475,0.38813559322033897,0.29201330602254055,0.08527639251857388,0.611864406779661,neutral,中性,0.38813559322033897,True
2020-09,辽宁,130,0.3215384615384615,0.07923076923076923,0.10923076923076923,0.022692307692307692,0.06461538461538462,0.4026923076923077,0.3109711259022316,0.07803585402885725,0.5973076923076923,neutral,中性,0.4026923076923077,True
2020-09,重庆,109,0.3669724770642202,0.09678899082568808,0.09311926605504588,0.014678899082568808,0.051834862385321104,0.3766055045871559,0.2986249493036125,0.05105495962666569,0.623394495412844,neutral,中性,0.3766055045871559,True
2020-09,陕西,112,0.2674107142857143,0.08687500000000001,0.171875,0.023392857142857142,0.05,0.4004464285714286,0.30467157191148764,0.08874047160045578,0.5995535714285715,neutral,中性,0.4004464285714286,True
2020-09,青海,11,0.35454545454545455,0.05454545454545456,0.15,0.0,0.045454545454545456,0.39545454545454545,0.2978712351457803,0.0,0.6045454545454545,neutral,中性,0.39545454545454545,False
2020-09,香港,46,0.2826086956521739,0.10978260869565216,0.1565217391304348,0.04021739130434783,0.051086956521739134,0.3597826086956522,0.3146810362722418,0.11334292372039784,0.6402173913043478,neutral,中性,0.3597826086956522,True
2020-09,黑龙江,85,0.33294117647058824,0.08823529411764706,0.15176470588235294,0.022941176470588236,0.04764705882352941,0.35647058823529415,0.33385847988906553,0.07382126950908373,0.6435294117647059,neutral,中性,0.35647058823529415,True
2020-10,上海,166,0.21897590361445785,0.10240963855421686,0.08313253012048193,0.0608433734939759,0.07981927710843373,0.45481927710843373,0.2805592456593368,0.13440062066304298,0.5451807228915663,neutral,中性,0.45481927710843373,True
2020-10,云南,69,0.21811594202898552,0.05579710144927536,0.04782608695652174,0.031159420289855078,0.07028985507246377,0.5768115942028985,0.28387691700245743,0.0951397769211184,0.4231884057971015,neutral,中性,0.5768115942028985,True
2020-10,内蒙古,56,0.26160714285714287,0.05,0.0375,0.029464285714285717,0.04017857142857143,0.5812499999999999,0.3220659265413854,0.10214819257702626,0.41875000000000007,neutral,中性,0.5812499999999999,True
2020-10,北京,162,0.22808641975308644,0.06388888888888888,0.13024691358024693,0.028703703703703707,0.05555555555555555,0.4935185185185185,0.2968750996351421,0.07798024028172865,0.5064814814814815,neutral,中性,0.4935185185185185,True
2020-10,台湾,25,0.45,0.055999999999999994,0.008,0.012000000000000002,0.106,0.368,0.3230711995830021,0.029860788111948196,0.6319999999999999,joy,喜悦,0.45,False
2020-10,吉林,70,0.21357142857142858,0.06428571428571428,0.06928571428571428,0.02642857142857143,0.09928571428571428,0.5271428571428571,0.2884141331754062,0.07881432434885988,0.472857142857143,neutral,中性,0.5271428571428571,True
2020-10,四川,164,0.25609756097560976,0.08475609756097562,0.08506097560975609,0.0451219512195122,0.07530487804878049,0.45365853658536587,0.30500832171111836,0.10627830004850505,0.5463414634146342,neutral,中性,0.45365853658536587,True
2020-10,天津,106,0.2891509433962264,0.07688679245283019,0.0820754716981132,0.04669811320754717,0.08113207547169811,0.42405660377358495,0.3153988191073956,0.11997397890981913,0.5759433962264151,neutral,中性,0.42405660377358495,True
2020-10,宁夏,14,0.1285714285714286,0.09642857142857143,0.075,0.10714285714285714,0.04642857142857143,0.5464285714285714,0.3074174596627435,0.23685206585314195,0.4535714285714286,neutral,中性,0.5464285714285714,False
2020-10,安徽,127,0.22125984251968506,0.06653543307086614,0.10433070866141732,0.030708661417322834,0.06771653543307087,0.5094488188976378,0.2976441684186435,0.08909760211230283,0.4905511811023622,neutral,中性,0.5094488188976378,True
2020-10,山东,161,0.2571428571428571,0.07422360248447205,0.08322981366459628,0.05434782608695652,0.06677018633540373,0.4642857142857143,0.3006688971514774,0.1322156505897451,0.5357142857142857,neutral,中性,0.4642857142857143,True
2020-10,山西,73,0.2047945205479452,0.05136986301369863,0.09794520547945204,0.03287671232876712,0.06917808219178082,0.5438356164383562,0.2981615408029732,0.09797221051648033,0.4561643835616438,neutral,中性,0.5438356164383562,True
2020-10,广东,165,0.22969696969696968,0.060787878787878794,0.09727272727272727,0.036060606060606064,0.0673939393939394,0.5087878787878788,0.2861592261917544,0.1008482134604626,0.4912121212121212,neutral,中性,0.5087878787878788,True
2020-10,广西,106,0.25896226415094337,0.056132075471698115,0.09858490566037735,0.022641509433962263,0.05660377358490566,0.5070754716981132,0.2879150974234394,0.07871953695654144,0.4929245283018868,neutral,中性,0.5070754716981132,True
2020-10,新疆,33,0.20454545454545456,0.048484848484848485,0.08484848484848484,0.05303030303030303,0.045454545454545456,0.5636363636363637,0.3231591220773726,0.18197673011412832,0.4363636363636364,neutral,中性,0.5636363636363637,True
2020-10,江苏,164,0.24542682926829268,0.08292682926829269,0.11676829268292682,0.038109756097560975,0.08932926829268292,0.4274390243902439,0.29530134470359226,0.09796437390470773,0.572560975609756,neutral,中性,0.4274390243902439,True
2020-10,江西,90,0.20944444444444446,0.08666666666666667,0.08388888888888889,0.027222222222222224,0.05666666666666667,0.5361111111111111,0.2978287009022948,0.07649671767619158,0.4638888888888888,neutral,中性,0.5361111111111111,True
2020-10,河北,116,0.2232758620689655,0.0896551724137931,0.10431034482758621,0.03189655172413793,0.052155172413793104,0.4987068965517242,0.2921011613393074,0.09357548725009639,0.5012931034482758,neutral,中性,0.4987068965517242,True
2020-10,河南,154,0.24545454545454543,0.06785714285714287,0.11396103896103897,0.03603896103896104,0.06493506493506493,0.4717532467532468,0.2972292328735998,0.1032948621058937,0.5282467532467532,neutral,中性,0.4717532467532468,True
2020-10,浙江,165,0.24121212121212118,0.06454545454545454,0.11515151515151516,0.030000000000000002,0.09,0.4590909090909091,0.29487241531821007,0.0959229874023694,0.5409090909090909,neutral,中性,0.4590909090909091,True
2020-10,海南,45,0.36,0.06222222222222222,0.11333333333333333,0.01,0.060000000000000005,0.39444444444444443,0.31272264795734667,0.029387690682262938,0.6055555555555556,neutral,中性,0.39444444444444443,True
2020-10,湖北,150,0.2353333333333333,0.08,0.117,0.04466666666666667,0.08166666666666667,0.44133333333333336,0.2928995674280735,0.11456756552074951,0.5586666666666666,neutral,中性,0.44133333333333336,True
2020-10,湖南,141,0.2648936170212766,0.08333333333333333,0.10921985815602837,0.03829787234042553,0.08191489361702128,0.42234042553191486,0.33400944601971233,0.09685008626597312,0.577659574468085,neutral,中性,0.42234042553191486,True
2020-10,澳门,12,0.2916666666666667,0.0625,0.08333333333333333,0.020833333333333332,0.10416666666666667,0.4375,0.35280263174995874,0.03964807305493795,0.5625,neutral,中性,0.4375,False
2020-10,甘肃,52,0.2528846153846154,0.04519230769230769,0.06923076923076923,0.04903846153846154,0.0875,0.49615384615384617,0.3116077004413706,0.11610103131366462,0.5038461538461538,neutral,中性,0.49615384615384617,True
2020-10,福建,152,0.27203947368421055,0.05078947368421052,0.08684210526315789,0.021710526315789472,0.08256578947368422,0.48605263157894735,0.32432985174995066,0.06702550978031097,0.5139473684210527,neutral,中性,0.48605263157894735,True
2020-10,西藏,15,0.18666666666666665,0.12666666666666668,0.13999999999999999,0.05333333333333334,0.060000000000000005,0.43333333333333335,0.2559761893688738,0.14074631010979935,0.5666666666666667,neutral,中性,0.43333333333333335,False
2020-10,贵州,48,0.24687499999999998,0.075,0.09479166666666666,0.046875,0.05625,0.48020833333333335,0.2864690117287576,0.11457890062347914,0.5197916666666667,neutral,中性,0.48020833333333335,True
2020-10,辽宁,110,0.225,0.07909090909090909,0.08727272727272727,0.02727272727272727,0.049545454545454545,0.5318181818181819,0.27675627670795055,0.085840785957365,0.46818181818181825,neutral,中性,0.5318181818181819,True
2020-10,重庆,118,0.2872881355932203,0.07033898305084746,0.0771186440677966,0.027118644067796613,0.07754237288135593,0.4605932203389831,0.31657802002668417,0.084135642364544,0.5394067796610169,neutral,中性,0.4605932203389831,True
2020-10,陕西,120,0.23083333333333333,0.06666666666666667,0.09000000000000001,0.052083333333333336,0.06375,0.4966666666666667,0.3023843159123898,0.14295733531333032,0.5033333333333334,neutral,中性,0.4966666666666667,True
2020-10,青海,22,0.28363636363636363,0.09499999999999999,0.11954545454545454,0.014545454545454545,0.07590909090909091,0.4113636363636364,0.2960621790313883,0.03127866650538316,0.5886363636363636,neutral,中性,0.4113636363636364,False
2020-10,香港,52,0.20288461538461539,0.07692307692307693,0.10384615384615384,0.04711538461538462,0.07980769230769232,0.4894230769230769,0.2710570198204924,0.11436673961961895,0.510576923076923,neutral,中性,0.4894230769230769,True
2020-10,黑龙江,74,0.2608108108108108,0.05,0.10743243243243243,0.02364864864864865,0.08243243243243244,0.4756756756756757,0.30037308653473277,0.0580640724114159,0.5243243243243243,neutral,中性,0.4756756756756757,True
2020-11,上海,151,0.20364238410596028,0.07317880794701988,0.10331125827814569,0.051655629139072845,0.07251655629139074,0.49569536423841054,0.2858379108135905,0.1074580877277348,0.5043046357615895,neutral,中性,0.49569536423841054,True
2020-11,云南,69,0.18072463768115943,0.0782608695652174,0.09782608695652174,0.030434782608695653,0.03231884057971014,0.5804347826086956,0.251152161755869,0.08795779038849018,0.4195652173913045,neutral,中性,0.5804347826086956,True
2020-11,内蒙古,56,0.17500000000000002,0.045535714285714284,0.07232142857142856,0.024999999999999998,0.04553571428571429,0.6366071428571428,0.2745243820931692,0.06466697906828632,0.3633928571428571,neutral,中性,0.6366071428571428,True
2020-11,北京,151,0.14834437086092714,0.0804635761589404,0.12682119205298012,0.043377483443708606,0.0423841059602649,0.5586092715231787,0.2508264485351739,0.10354958501264691,0.44139072847682126,neutral,中性,0.5586092715231787,True
2020-11,台湾,33,0.36666666666666664,0.051515151515151514,0.0393939393939394,0.01818181818181818,0.027272727272727275,0.49696969696969706,0.27003086243366087,0.07269175268963399,0.5030303030303029,neutral,中性,0.49696969696969706,True
2020-11,吉林,74,0.26013513513513514,0.05067567567567568,0.0777027027027027,0.021621621621621623,0.02972972972972973,0.5601351351351351,0.3188141264777367,0.060296687181018126,0.43986486486486487,neutral,中性,0.5601351351351351,True
2020-11,四川,152,0.2125,0.08750000000000001,0.08453947368421053,0.0506578947368421,0.04572368421052632,0.5190789473684211,0.27878936481468386,0.1213864228234346,0.4809210526315789,neutral,中性,0.5190789473684211,True
2020-11,天津,137,0.21204379562043796,0.07664233576642336,0.07591240875912408,0.05072992700729927,0.05437956204379562,0.5302919708029198,0.27829084100179674,0.11262009953102059,0.4697080291970802,neutral,中性,0.5302919708029198,True
2020-11,宁夏,15,0.2733333333333333,0.04666666666666667,0.08666666666666667,0.07333333333333333,0.060000000000000005,0.46,0.26313132697969516,0.1486446705914413,0.54,neutral,中性,0.46,False
2020-11,安徽,129,0.17286821705426358,0.08511627906976744,0.09069767441860464,0.04627906976744186,0.03294573643410853,0.5720930232558139,0.27901947120241893,0.11994835977047748,0.4279069767441861,neutral,中性,0.5720930232558139,True
2020-11,山东,149,0.2577181208053691,0.08355704697986577,0.07348993288590604,0.043288590604026844,0.06275167785234899,0.47919463087248326,0.3221404780135882,0.11502903836094355,0.5208053691275167,neutral,中性,0.47919463087248326,True
2020-11,山西,79,0.19810126582278478,0.06265822784810127,0.06518987341772152,0.04430379746835443,0.031012658227848103,0.5987341772151898,0.2717987375179029,0.129096302200352,0.40126582278481016,neutral,中性,0.5987341772151898,True
2020-11,广东,153,0.1869281045751634,0.09215686274509803,0.09673202614379085,0.04673202614379085,0.07026143790849673,0.5071895424836601,0.24426118744446176,0.10539293685361886,0.4928104575163399,neutral,中性,0.5071895424836601,True
2020-11,广西,94,0.2601063829787234,0.07446808510638298,0.055319148936170216,0.03138297872340426,0.05212765957446809,0.526595744680851,0.3059956239790095,0.0924528483581032,0.473404255319149,neutral,中性,0.526595744680851,True
2020-11,新疆,36,0.20277777777777778,0.10833333333333334,0.12638888888888888,0.06805555555555556,0.05555555555555555,0.4388888888888889,0.28634256318623585,0.16824844630052216,0.5611111111111111,neutral,中性,0.4388888888888889,True
2020-11,江苏,155,0.18870967741935485,0.09129032258064516,0.11870967741935483,0.04612903225806452,0.06290322580645161,0.492258064516129,0.2733004380735493,0.11360896192456334,0.507741935483871,neutral,中性,0.492258064516129,True
2020-11,江西,85,0.2564705882352941,0.08235294117647059,0.07705882352941176,0.03529411764705882,0.058823529411764705,0.49,0.2976883392726957,0.10083683467310323,0.51,neutral,中性,0.49,True
2020-11,河北,126,0.20595238095238094,0.07698412698412699,0.08888888888888888,0.040079365079365076,0.05476190476190476,0.5333333333333333,0.274343371916082,0.10119680652468067,0.4666666666666668,neutral,中性,0.5333333333333333,True
2020-11,河南,152,0.19078947368421054,0.08684210526315789,0.09013157894736841,0.019407894736842107,0.049342105263157895,0.5634868421052632,0.2646014779628385,0.052123561204359466,0.43651315789473677,neutral,中性,0.5634868421052632,True
2020-11,浙江,154,0.23603896103896105,0.0724025974025974,0.10422077922077923,0.033441558441558446,0.0698051948051948,0.48409090909090907,0.2999181126392829,0.09254131647578677,0.5159090909090909,neutral,中性,0.48409090909090907,True
2020-11,海南,36,0.2736111111111111,0.044444444444444446,0.05555555555555555,0.05555555555555555,0.07777777777777778,0.4930555555555556,0.31293224075123244,0.1313543613816011,0.5069444444444444,neutral,中性,0.4930555555555556,True
2020-11,湖北,146,0.25616438356164384,0.07089041095890411,0.1023972602739726,0.02328767123287671,0.053082191780821915,0.4941780821917809,0.29436608751916643,0.08349362634391132,0.5058219178082191,neutral,中性,0.4941780821917809,True
2020-11,湖南,117,0.2816239316239316,0.06794871794871796,0.04871794871794872,0.018376068376068377,0.050854700854700854,0.5324786324786325,0.29570184560010043,0.07058813596902452,0.4675213675213675,neutral,中性,0.5324786324786325,True
2020-11,澳门,5,0.44000000000000006,0.05,0.13999999999999999,0.0,0.12999999999999998,0.24,0.3646916505762094,0.0,0.76,joy,喜悦,0.44000000000000006,False
2020-11,甘肃,43,0.1755813953488372,0.04534883720930233,0.05000000000000001,0.03255813953488372,0.03837209302325582,0.6581395348837209,0.22818436912350581,0.11013180465449685,0.3418604651162791,neutral,中性,0.6581395348837209,True
2020-11,福建,142,0.25598591549295774,0.0795774647887324,0.13239436619718312,0.02887323943661972,0.05704225352112676,0.4461267605633803,0.2912727265273209,0.06978283021108064,0.5538732394366197,neutral,中性,0.4461267605633803,True
2020-11,西藏,11,0.2,0.1318181818181818,0.14545454545454548,0.03636363636363637,0.10454545454545454,0.38181818181818183,0.32557641192199416,0.06741998624632421,0.6181818181818182,neutral,中性,0.38181818181818183,False
2020-11,贵州,49,0.2979591836734694,0.04081632653061224,0.09897959183673469,0.018367346938775512,0.06836734693877551,0.4755102040816327,0.29929764722204727,0.060116100823583804,0.5244897959183672,neutral,中性,0.4755102040816327,True
2020-11,辽宁,135,0.21481481481481482,0.07555555555555556,0.08074074074074074,0.03962962962962963,0.035555555555555556,0.5537037037037037,0.27725157456681615,0.09205293259378287,0.4462962962962963,neutral,中性,0.5537037037037037,True
2020-11,重庆,116,0.2189655172413793,0.05862068965517241,0.10689655172413794,0.04741379310344827,0.04525862068965517,0.5228448275862069,0.2831235075717489,0.1290171588834478,0.4771551724137931,neutral,中性,0.5228448275862069,True
2020-11,陕西,124,0.17096774193548386,0.0846774193548387,0.0754032258064516,0.05241935483870968,0.04314516129032259,0.5733870967741935,0.2593062017538925,0.13079724872011306,0.4266129032258065,neutral,中性,0.5733870967741935,True
2020-11,青海,8,0.1875,0.08125,0.225,0.03125,0.043750000000000004,0.43125,0.3044315545875155,0.04580626906564522,0.56875,neutral,中性,0.43125,False
2020-11,香港,51,0.22254901960784312,0.09215686274509804,0.09901960784313725,0.05,0.03823529411764706,0.49803921568627446,0.3151688000881744,0.10908712114635713,0.5019607843137255,neutral,中性,0.49803921568627446,True
2020-11,黑龙江,79,0.17278481012658228,0.07215189873417721,0.048734177215189876,0.02531645569620253,0.04746835443037975,0.6335443037974683,0.23989814456620884,0.052424192962693086,0.3664556962025317,neutral,中性,0.6335443037974683,True
2020-12,上海,165,0.2003030303030303,0.11272727272727273,0.13999999999999999,0.046060606060606066,0.0693939393939394,0.4315151515151515,0.2761062543845638,0.11261686054991168,0.5684848484848484,neutral,中性,0.4315151515151515,True
2020-12,云南,73,0.1773972602739726,0.0636986301369863,0.06095890410958904,0.04726027397260274,0.04041095890410959,0.6102739726027396,0.2816174878036414,0.10504311646457641,0.38972602739726037,neutral,中性,0.6102739726027396,True
2020-12,内蒙古,77,0.23896103896103893,0.07597402597402597,0.07857142857142857,0.022727272727272728,0.05064935064935065,0.5331168831168831,0.2822167159787913,0.08604827842610037,0.4668831168831168,neutral,中性,0.5331168831168831,True
2020-12,北京,168,0.1982142857142857,0.09107142857142858,0.09821428571428571,0.052976190476190475,0.05089285714285715,0.5086309523809524,0.28599510365678366,0.13455430764253185,0.49136904761904765,neutral,中性,0.5086309523809524,True
2020-12,台湾,29,0.3775862068965517,0.0903448275862069,0.04310344827586207,0.03620689655172414,0.06999999999999999,0.38275862068965516,0.32584675596725565,0.10929690209645364,0.6172413793103448,neutral,中性,0.38275862068965516,False
2020-12,吉林,55,0.22090909090909092,0.1390909090909091,0.1009090909090909,0.06636363636363636,0.07545454545454545,0.3972727272727273,0.29669333667431097,0.15063278424777155,0.6027272727272728,neutral,中性,0.3972727272727273,True
2020-12,四川,163,0.23190184049079754,0.07944785276073621,0.06134969325153374,0.03128834355828221,0.05490797546012271,0.5411042944785276,0.2894130973582874,0.08820673835058826,0.4588957055214724,neutral,中性,0.5411042944785276,True
2020-12,天津,84,0.2255952380952381,0.0976190476190476,0.08630952380952381,0.020833333333333332,0.03273809523809524,0.5369047619047619,0.2773035012117228,0.07206436770255796,0.4630952380952381,neutral,中性,0.5369047619047619,True
2020-12,宁夏,18,0.20555555555555555,0.06666666666666668,0.008333333333333335,0.04722222222222222,0.058333333333333334,0.6138888888888889,0.27326397972359817,0.13336396706913867,0.3861111111111112,neutral,中性,0.6138888888888889,False
2020-12,安徽,136,0.2386029411764706,0.07514705882352941,0.07169117647058823,0.03661764705882353,0.05588235294117647,0.5220588235294118,0.2837556925038199,0.09779207411824634,0.4779411764705882,neutral,中性,0.5220588235294118,True
2020-12,山东,169,0.2186390532544379,0.09704142011834319,0.07662721893491124,0.04852071005917159,0.05710059171597633,0.5020710059171597,0.28989722093159187,0.12007265106103947,0.4979289940828403,neutral,中性,0.5020710059171597,True
2020-12,山西,77,0.2792207792207792,0.08181818181818182,0.09025974025974026,0.033116883116883114,0.046103896103896105,0.46948051948051944,0.2931622787259744,0.0833549755446665,0.5305194805194804,neutral,中性,0.46948051948051944,True
2020-12,广东,165,0.24333333333333332,0.08696969696969696,0.12363636363636363,0.037454545454545456,0.06527272727272727,0.44333333333333336,0.27688012139916474,0.10554535809976667,0.5566666666666666,neutral,中性,0.44333333333333336,True
2020-12,广西,84,0.28095238095238095,0.075,0.07083333333333333,0.01845238095238095,0.07559523809523809,0.4791666666666667,0.2782155662783159,0.0790682798967388,0.5208333333333333,neutral,中性,0.4791666666666667,True
2020-12,新疆,37,0.22972972972972974,0.10405405405405406,0.12297297297297297,0.05945945945945946,0.12162162162162163,0.3621621621621622,0.31698656198722447,0.12066818474979561,0.6378378378378379,neutral,中性,0.3621621621621622,True
2020-12,江苏,166,0.22951807228915663,0.09325301204819278,0.1183734939759036,0.024698795180722894,0.0627710843373494,0.4713855421686747,0.2783105029190405,0.08029245557822999,0.5286144578313253,neutral,中性,0.4713855421686747,True
2020-12,江西,81,0.2518518518518518,0.054320987654320994,0.08518518518518518,0.022222222222222223,0.028395061728395066,0.5580246913580247,0.2886871624748453,0.0770551750371122,0.4419753086419753,neutral,中性,0.5580246913580247,True
2020-12,河北,129,0.22751937984496126,0.09806201550387597,0.08255813953488372,0.0313953488372093,0.05077519379844961,0.5096899224806202,0.28270189413870644,0.09165785722292265,0.4903100775193798,neutral,中性,0.5096899224806202,True
2020-12,河南,153,0.2550326797385621,0.07666666666666667,0.06111111111111111,0.03300653594771242,0.06928104575163399,0.5049019607843137,0.2858393093455025,0.06910218375062836,0.4950980392156863,neutral,中性,0.5049019607843137,True
2020-12,浙江,165,0.23612121212121212,0.09066666666666667,0.11581818181818182,0.04527272727272728,0.06818181818181818,0.44393939393939397,0.27902615464169583,0.10210326931749789,0.556060606060606,neutral,中性,0.44393939393939397,True
2020-12,海南,22,0.2568181818181818,0.09090909090909091,0.12727272727272726,0.024999999999999998,0.06136363636363637,0.43863636363636366,0.2863129550423945,0.06857390868530795,0.5613636363636363,neutral,中性,0.43863636363636366,False
2020-12,湖北,168,0.23095238095238094,0.10863095238095238,0.11607142857142858,0.05148809523809524,0.06458333333333333,0.42827380952380956,0.29184574322509566,0.1168992599770268,0.5717261904761904,neutral,中性,0.42827380952380956,True
2020-12,湖南,120,0.23583333333333334,0.10125,0.07916666666666666,0.07125000000000001,0.07125000000000001,0.44125000000000003,0.2851494767479609,0.13135724909861768,0.55875,neutral,中性,0.44125000000000003,True
2020-12,澳门,13,0.27692307692307694,0.06153846153846154,0.05384615384615384,0.05,0.038461538461538464,0.5192307692307693,0.339494344954979,0.09574271077563382,0.48076923076923084,neutral,中性,0.5192307692307693,False
2020-12,甘肃,56,0.19910714285714287,0.08035714285714286,0.08392857142857144,0.04285714285714286,0.05089285714285714,0.5428571428571428,0.27060388215796355,0.09314142298314254,0.4571428571428572,neutral,中性,0.5428571428571428,True
2020-12,福建,138,0.24021739130434783,0.10398550724637681,0.10253623188405797,0.03260869565217391,0.05869565217391304,0.46195652173913043,0.30343884866281806,0.08768144355718409,0.5380434782608696,neutral,中性,0.46195652173913043,True
2020-12,西藏,7,0.31428571428571433,0.021428571428571432,0.0071428571428571435,0.0,0.05714285714285715,0.6,0.29680841985233186,0.0,0.4,neutral,中性,0.6,False
2020-12,贵州,54,0.15333333333333332,0.08537037037037037,0.07962962962962962,0.05555555555555555,0.041851851851851855,0.5842592592592593,0.2376695025720174,0.13963114031587637,0.41574074074074074,neutral,中性,0.5842592592592593,True
2020-12,辽宁,144,0.23506944444444444,0.11319444444444444,0.08854166666666667,0.05486111111111111,0.044097222222222225,0.46423611111111107,0.30296205889477174,0.14727352465562527,0.5357638888888889,neutral,中性,0.46423611111111107,True
2020-12,重庆,120,0.25416666666666665,0.10541666666666667,0.13874999999999998,0.06583333333333334,0.06875,0.3670833333333333,0.3027592529818146,0.14922535737237544,0.6329166666666667,neutral,中性,0.3670833333333333,True
2020-12,陕西,131,0.2248091603053435,0.09885496183206108,0.10534351145038168,0.031297709923664124,0.06832061068702291,0.4713740458015267,0.2601311833110901,0.0708019659284302,0.5286259541984732,neutral,中性,0.4713740458015267,True
2020-12,青海,7,0.41428571428571426,0.03571428571428571,0.0,0.0,0.07857142857142858,0.4714285714285714,0.3132015933791495,0.0,0.5285714285714286,neutral,中性,0.4714285714285714,False
2020-12,香港,52,0.22788461538461538,0.06442307692307693,0.052884615384615384,0.03461538461538462,0.04230769230769231,0.5778846153846154,0.2964518050203931,0.10026360429840928,0.42211538461538456,neutral,中性,0.5778846153846154,True
2020-12,黑龙江,98,0.17908163265306123,0.0836734693877551,0.1193877551020408,0.06326530612244897,0.06683673469387755,0.4877551020408163,0.25735805510055826,0.14775833927451626,0.5122448979591836,neutral,中性,0.4877551020408163,True
